protocol,fold,well_id,outcome,candidate,reason,confidence,disagreement,predicted_improvement,pseudo_delta,n_eligible,gate_killed
same_well_masked,0,tr00064,fallback,,pf:pseudo_holdout_unavailable;beam:pseudo_holdout_unavailable;pf_beam_mean:pseudo_holdout_unavailable,0.0007468963189594043,0.09278576130898258,0.38702446272337393,,0,False
same_well_masked,0,tr000c8,applied_beam,beam,all_rules_passed,2.1889224645679883e-05,0.17146875971630113,0.9138732508527047,0.9305486011205898,3,False
same_well_masked,0,tr00000,applied_beam,beam,all_rules_passed,1.3697328898844255e-05,0.09494826794765837,0.8329306635458836,0.325752295157827,2,False
same_well_masked,0,tr000c1,applied_beam,beam,all_rules_passed,1.6240317265653325e-05,0.10773469842548378,0.8896885444472016,1.2106797721382778,3,False
same_well_masked,0,tr000d6,applied_beam,beam,all_rules_passed,2.0519531445469962e-05,0.07757403555006266,0.07995555945345056,1.209507490010406,2,False
same_well_masked,0,tr000e6,applied_beam,beam,all_rules_passed,1.6509431654714008e-05,0.16775704345883327,0.44435748796495617,0.5753586293237608,3,False
same_well_masked,0,tr00036,applied_beam,beam,all_rules_passed,7.634075394566768e-06,0.19667481153788174,0.27051072114236213,0.6593969892929941,3,False
same_well_masked,0,tr00074,fallback,,pf:pseudo_holdout_unavailable;beam:pseudo_holdout_unavailable;pf_beam_mean:pseudo_holdout_unavailable,0.09151846420991,0.2910925191980971,0.02331750714278649,,0,False
same_well_masked,0,tr000e1,applied_beam,beam,all_rules_passed,1.3339466626283842e-05,0.3000326956635371,0.0023386927454991757,0.34932984929095456,1,False
same_well_masked,0,tr0009a,applied_beam,beam,all_rules_passed,1.8161265245380152e-05,0.29527239569500324,0.6137685409932679,0.7822106081489841,3,False
same_well_masked,0,tr00081,fallback,,pf:pseudo_holdout_unavailable;beam:pseudo_holdout_unavailable;pf_beam_mean:pseudo_holdout_unavailable,0.006850027561054345,0.09645655885509474,0.18882731062716138,,0,False
same_well_masked,0,tr000d0,applied_beam,beam,all_rules_passed,2.1936082025691738e-05,0.3498416867741915,0.2827484719152916,0.9570967994606108,3,False
same_well_masked,0,tr0008d,applied_beam,beam,all_rules_passed,1.0069282187245404e-05,0.16510501015965098,0.8132103440917415,0.3929389113802296,3,False
same_well_masked,0,tr00046,applied_beam,beam,all_rules_passed,1.4267435449682784e-05,0.03569778978949051,0.40768216552065817,0.5469157459299481,3,False
same_well_masked,0,tr0005d,fallback,,pf:pseudo_holdout_unavailable;beam:pseudo_holdout_unavailable;pf_beam_mean:pseudo_holdout_unavailable,0.00994771885964312,0.03798967020526247,0.4877200552542032,,0,False
same_well_masked,0,tr00023,applied_beam,beam,all_rules_passed,9.583446414960909e-06,0.5219314966208362,1.1829202793945839,0.9914012270058499,3,False
same_well_masked,0,tr0008c,applied_beam,beam,all_rules_passed,2.2316974707967876e-05,0.14763909992396862,1.0357856575173112,1.2436728296596875,3,False
same_well_masked,0,tr00050,applied_beam,beam,all_rules_passed,9.310650811856542e-06,0.07516694978628592,1.0377983579562804,1.7151884917603963,3,False
same_well_masked,0,tr000c0,applied_beam,beam,all_rules_passed,2.184229568074781e-05,0.5160080544143064,0.6832843670427778,0.9475158857900454,3,False
same_well_masked,0,tr000ee,fallback,,pf:candidate_unavailable:partial_missing_or_invalid_horizontal_gr;beam:candidate_unavailable:partial_missing_or_invalid_horizontal_gr;pf_beam_mean:candidate_unavailable:no_pf_or_beam_track,0.0,,-0.3636666549216034,,0,False
same_well_masked,0,tr00063,fallback,,pf:pseudo_holdout_unavailable;beam:pseudo_holdout_unavailable;pf_beam_mean:pseudo_holdout_unavailable,0.0037664517803569055,0.2738350961134129,0.5201159040804163,,0,False
same_well_masked,0,tr0009b,fallback,,pf:pseudo_holdout_unavailable;beam:pseudo_holdout_unavailable;pf_beam_mean:pseudo_holdout_unavailable,0.015659015841713562,0.04833280822720998,0.23887238481608528,,0,False
same_well_masked,0,tr00069,applied_beam,beam,all_rules_passed,1.0930258737011371e-05,0.1663579189893276,0.7652025686224934,0.6613188756758513,3,False
same_well_masked,0,tr00040,applied_beam,beam,all_rules_passed,1.3338647171701776e-05,0.2519719575842955,0.9639453668867514,0.9369985536277412,3,False
same_well_masked,0,tr0001e,fallback,,pf:pseudo_holdout_unavailable;beam:pseudo_holdout_unavailable;pf_beam_mean:pseudo_holdout_unavailable,0.005683772316107263,0.1797357117030934,-0.05606582450272081,,0,False
same_well_masked,0,tr0002c,applied_pf_beam_mean,pf_beam_mean,all_rules_passed,0.013168743074381144,0.09958134706697443,0.46707211221935707,0.10059557692779804,3,False
same_well_masked,0,tr000cc,applied_beam,beam,all_rules_passed,8.823222095625536e-06,0.24603547431403675,0.9668017177439427,0.21093190774905496,3,False
same_well_masked,0,tr000ab,fallback,,pf:pseudo_holdout_unavailable;beam:pseudo_holdout_unavailable;pf_beam_mean:pseudo_holdout_unavailable,0.010555131606274363,0.5740304396258,0.17130428823940713,,0,False
same_well_masked,0,tr00017,applied_beam,beam,all_rules_passed,1.4413652260720855e-05,0.4234999909255943,0.512858662706551,0.23721707196688402,3,False
same_well_masked,0,tr00014,fallback,,pf:pseudo_holdout_unavailable;beam:pseudo_holdout_unavailable;pf_beam_mean:pseudo_holdout_unavailable,0.005407379769604675,0.24588985388853615,0.7794352886404983,,0,False
same_well_masked,0,tr00039,applied_beam,beam,all_rules_passed,4.4598660195197217e-07,0.23827357791290757,0.4669664990353459,0.094542552337541,1,False
same_well_masked,0,tr00016,applied_beam,beam,all_rules_passed,1.0836440986991436e-05,0.07974070689368697,0.40763150714993773,1.0721484789615074,3,False
same_well_masked,0,tr000ac,fallback,,pf:pseudo_holdout_unavailable;beam:pseudo_holdout_unavailable;pf_beam_mean:pseudo_holdout_unavailable,0.03923921710572955,0.4648847273190276,0.05231259319265033,,0,False
same_well_masked,0,tr00091,fallback,,pf:pseudo_holdout_unavailable;beam:pseudo_holdout_unavailable;pf_beam_mean:pseudo_holdout_unavailable,0.002623821946369569,0.08162151681465564,0.01352121661942095,,0,False
same_well_masked,0,tr0008f,fallback,,pf:candidate_unavailable:partial_missing_or_invalid_horizontal_gr;beam:candidate_unavailable:partial_missing_or_invalid_horizontal_gr;pf_beam_mean:candidate_unavailable:no_pf_or_beam_track,0.0,,0.7285837905642364,,0,False
same_well_masked,0,tr0006b,fallback,,pf:pseudo_holdout_not_improved;beam:pseudo_holdout_not_improved;pf_beam_mean:pseudo_holdout_not_improved,0.04795648526882879,0.2378222011663218,1.2361293758654983,,0,False
same_well_masked,0,tr00043,fallback,,pf:pseudo_holdout_unavailable;beam:pseudo_holdout_unavailable;pf_beam_mean:pseudo_holdout_unavailable,0.10661522688788348,0.21942266089114612,0.1989182061845955,,0,False
same_well_masked,0,tr000be,fallback,,pf:pseudo_holdout_not_improved;beam:pseudo_holdout_not_improved;pf_beam_mean:pseudo_holdout_not_improved,0.1448906913247415,0.5170828159011517,0.7273196667717196,,0,False
same_well_masked,0,tr0003e,fallback,,pf:pseudo_holdout_unavailable;beam:pseudo_holdout_unavailable;pf_beam_mean:pseudo_holdout_unavailable,0.002730078474171145,0.04476161755293444,-0.2906256101381295,,0,False
same_well_masked,0,tr0001a,applied_beam,beam,all_rules_passed,1.3192269918308094e-05,0.0674318773198873,0.6231215457565934,0.7264295958535516,3,False
same_well_masked,0,tr000bb,applied_beam,beam,all_rules_passed,1.9851084882635965e-05,0.028535968149234592,0.7595726081870051,0.7261586368688164,3,False
same_well_masked,0,tr0003d,applied_beam,beam,all_rules_passed,1.603034798747707e-05,0.0976235547695149,1.9398517353662574,1.4708918943753755,3,False
same_well_masked,0,tr0003a,fallback,,pf:pseudo_holdout_unavailable;beam:pseudo_holdout_unavailable;pf_beam_mean:pseudo_holdout_unavailable,0.005300887982215433,0.24390988136206015,0.6944249547228382,,0,False
same_well_masked,0,tr000e5,fallback,,pf:pseudo_holdout_not_improved;beam:pseudo_holdout_not_improved;pf_beam_mean:pseudo_holdout_not_improved,0.004571326571225861,0.04365763240740498,0.2950548848760897,,0,False
same_well_masked,0,tr000b0,applied_beam,beam,all_rules_passed,1.6494102306079615e-05,0.09206778008802155,0.6897652420919392,0.9694901433096644,3,False
same_well_masked,0,tr000ef,applied_beam,beam,all_rules_passed,1.0776765478607721e-05,0.1512036468558053,0.6715565617575167,0.1331996068611572,2,False
same_well_masked,0,tr0004e,fallback,,pf:candidate_unavailable:partial_missing_or_invalid_horizontal_gr;beam:candidate_unavailable:partial_missing_or_invalid_horizontal_gr;pf_beam_mean:candidate_unavailable:no_pf_or_beam_track,0.0,,1.7415763932128991,,0,False
same_well_masked,0,tr000a9,applied_beam,beam,all_rules_passed,1.912807521313488e-05,0.06342203393735779,0.9783273789263948,1.0869687584649141,3,False
same_well_masked,1,tr000c9,fallback,,pf:branch_disagreement_unacceptable;beam:branch_disagreement_unacceptable;pf_beam_mean:branch_disagreement_unacceptable,0.010644884312337458,0.6557154173902606,0.9468966792658973,,0,False
same_well_masked,1,tr000a4,applied_beam,beam,all_rules_passed,2.4734973022915415e-05,0.06919081430107904,0.4449472774013384,0.062765791199059,1,False
same_well_masked,1,tr00048,fallback,,pf:pseudo_holdout_not_improved;beam:worst_tail_risk_increased;pf_beam_mean:pseudo_holdout_not_improved,0.004339930097683235,0.3043903533914475,0.6747937691868413,,0,False
same_well_masked,1,tr0008e,applied_beam,beam,all_rules_passed,1.0133978299936464e-05,0.35371369314491685,1.0688450403029082,0.31236641001099524,2,False
same_well_masked,1,tr00067,applied_beam,beam,all_rules_passed,1.7498521669778956e-05,0.02664448702131915,0.6533583618051192,1.2580599898331244,3,False
same_well_masked,1,tr000da,applied_beam,beam,all_rules_passed,9.52652522697888e-06,0.335626294728422,0.4226818557240826,0.16673165248420566,2,False
same_well_masked,1,tr00024,applied_beam,beam,all_rules_passed,9.596758141856187e-06,0.037766617823973794,0.7284865802215388,2.9025660598036156,3,False
same_well_masked,1,tr00005,fallback,,pf:pseudo_holdout_unavailable;beam:pseudo_holdout_unavailable;pf_beam_mean:pseudo_holdout_unavailable,0.0054364596346956895,0.04796403599066367,0.36618475355749935,,0,False
same_well_masked,1,tr00083,fallback,,pf:pseudo_holdout_not_improved;beam:pseudo_holdout_not_improved;pf_beam_mean:pseudo_holdout_not_improved,0.0010564096704874335,0.05822706126721787,-2.5110549674406926,,0,False
same_well_masked,1,tr000ec,fallback,,pf:candidate_unavailable:partial_missing_or_invalid_horizontal_gr;beam:candidate_unavailable:partial_missing_or_invalid_horizontal_gr;pf_beam_mean:candidate_unavailable:no_pf_or_beam_track,0.0,,0.9378688571161659,,0,False
same_well_masked,1,tr0005b,applied_beam,beam,all_rules_passed,1.8642455970223698e-05,0.04275141192962246,0.5581193663716948,1.2477224064118355,3,False
same_well_masked,1,tr00097,applied_beam,beam,all_rules_passed,4.730882924088167e-06,0.10102598485126216,0.13106190529967393,0.7867662827947235,2,False
same_well_masked,1,tr000c6,applied_beam,beam,all_rules_passed,1.2156221338971398e-05,0.28991719054040527,0.603669413500718,0.22853325389377865,3,False
same_well_masked,1,tr000b9,applied_beam,beam,all_rules_passed,1.3951941325068536e-05,0.2125305649233692,0.055002412011820635,0.10775513006310808,1,False
same_well_masked,1,tr0000a,fallback,,pf:pseudo_holdout_unavailable;beam:pseudo_holdout_unavailable;pf_beam_mean:pseudo_holdout_unavailable,0.009813512381993055,0.28662522691437875,0.037114460083212106,,0,False
same_well_masked,1,tr00094,fallback,,pf:pseudo_holdout_unavailable;beam:pseudo_holdout_unavailable;pf_beam_mean:pseudo_holdout_unavailable,0.06434799912134483,0.06369823778854614,0.5459758240174954,,0,False
same_well_masked,1,tr00062,applied_beam,beam,all_rules_passed,3.954372387794112e-06,0.17348399918044463,0.266690761847748,0.14804347273180823,2,False
same_well_masked,1,tr0002a,fallback,,pf:pseudo_holdout_not_improved;beam:pseudo_holdout_not_improved;pf_beam_mean:pseudo_holdout_not_improved,0.003629534858779437,0.26809990604013095,0.8170330235211485,,0,False
same_well_masked,1,tr00035,applied_beam,beam,all_rules_passed,1.1674914370789273e-05,0.32938773260189513,0.4113635870144921,0.4086569944000808,2,False
same_well_masked,1,tr00009,fallback,,pf:pseudo_holdout_unavailable;beam:pseudo_holdout_unavailable;pf_beam_mean:pseudo_holdout_unavailable,0.07259808876621379,0.2771307222921569,0.4993465757106784,,0,False
same_well_masked,1,tr0007a,applied_pf_beam_mean,pf_beam_mean,all_rules_passed,0.014665451379157915,0.2425497748901256,0.8063805071710769,1.0762526128621368,3,False
same_well_masked,1,tr000a7,fallback,,pf:pseudo_holdout_unavailable;beam:pseudo_holdout_unavailable;pf_beam_mean:pseudo_holdout_unavailable,0.06351584460168821,0.3715648208900178,0.22692149007715,,0,False
same_well_masked,1,tr0002b,fallback,,pf:pseudo_holdout_not_improved;beam:pseudo_holdout_not_improved;pf_beam_mean:pseudo_holdout_not_improved,0.0018681082106174,0.07700367544169943,-2.330700498632363,,0,False
same_well_masked,1,tr000dd,applied_beam,beam,all_rules_passed,1.573925446007852e-05,0.024306175483498754,0.7103592794932172,0.9514888232235773,3,False
same_well_masked,1,tr0007b,fallback,,pf:pseudo_holdout_unavailable;beam:pseudo_holdout_unavailable;pf_beam_mean:pseudo_holdout_unavailable,0.0034257099707636703,0.095008058816492,0.19696051160802705,,0,False
same_well_masked,1,tr00082,applied_beam,beam,all_rules_passed,1.4318828919238871e-05,0.1855903083476839,0.7840424772666532,0.8844401743038571,3,False
same_well_masked,1,tr000ce,fallback,,pf:pseudo_holdout_not_improved;beam:pseudo_holdout_not_improved;pf_beam_mean:pseudo_holdout_not_improved,0.10443053109053511,0.4761675781126831,0.7604855318810155,,0,False
same_well_masked,1,tr00030,applied_beam,beam,all_rules_passed,1.5967009724386113e-05,0.1694473910238726,0.7593694968910024,1.861727978959929,3,False
same_well_masked,1,tr00098,fallback,,pf:candidate_unavailable:partial_missing_or_invalid_horizontal_gr;beam:candidate_unavailable:partial_missing_or_invalid_horizontal_gr;pf_beam_mean:candidate_unavailable:no_pf_or_beam_track,0.0,,0.783748035309186,,0,False
same_well_masked,1,tr00089,fallback,,pf:pseudo_holdout_unavailable;beam:pseudo_holdout_unavailable;pf_beam_mean:pseudo_holdout_unavailable,0.005297935178920938,0.16437195327660067,0.2661119480493787,,0,False
same_well_masked,1,tr00088,applied_beam,beam,all_rules_passed,1.2779515841078702e-05,0.26610971343186063,0.057804416748738346,0.5442130211546159,2,False
same_well_masked,1,tr00013,applied_beam,beam,all_rules_passed,6.870945891959307e-06,0.13169366621305423,0.12590566162437253,0.34065232488115155,2,False
same_well_masked,1,tr00004,fallback,,pf:pseudo_holdout_unavailable;beam:pseudo_holdout_unavailable;pf_beam_mean:pseudo_holdout_unavailable,0.007267770565270174,0.16107288985873203,0.4598918181469966,,0,False
same_well_masked,1,tr00055,fallback,,pf:pseudo_holdout_unavailable;beam:pseudo_holdout_unavailable;pf_beam_mean:pseudo_holdout_unavailable,0.0025559919602554868,0.2043160181937558,0.5253220345471759,,0,False
same_well_masked,1,tr0009e,applied_beam,beam,all_rules_passed,1.4238979387765676e-05,0.16642207865106062,1.2419336438196211,0.020661529060633455,1,False
same_well_masked,1,tr000de,fallback,,pf:pseudo_holdout_unavailable;beam:pseudo_holdout_unavailable;pf_beam_mean:pseudo_holdout_unavailable,0.026299561836586573,0.138543527259244,0.2921049780635606,,0,False
same_well_masked,1,tr000e9,applied_beam,beam,all_rules_passed,8.130499764597892e-06,0.33864272367469633,1.373760676401033,0.6506253346036825,3,False
same_well_masked,1,tr000ba,applied_pf_beam_mean,pf_beam_mean,all_rules_passed,0.0026696048922805068,0.04733066216027633,1.3170578722858013,0.619700718535284,3,False
same_well_masked,1,tr0002d,fallback,,pf:pseudo_holdout_unavailable;beam:pseudo_holdout_unavailable;pf_beam_mean:pseudo_holdout_unavailable,0.08474166858374373,0.03952070145517619,0.27208266372856443,,0,False
same_well_masked,1,tr00033,applied_beam,beam,all_rules_passed,1.3330672417538697e-05,0.06368638095823648,0.8705697811453449,0.492699510860928,3,False
same_well_masked,1,tr000eb,fallback,,pf:pseudo_holdout_unavailable;beam:pseudo_holdout_unavailable;pf_beam_mean:pseudo_holdout_unavailable,0.005158301613562782,0.19426078740000577,0.6303424166757456,,0,False
same_well_masked,1,tr0000c,fallback,,pf:pseudo_holdout_unavailable;beam:pseudo_holdout_unavailable;pf_beam_mean:pseudo_holdout_unavailable,0.07284042247792716,0.16619249124612195,0.40660534100352713,,0,False
same_well_masked,1,tr0000e,applied_beam,beam,all_rules_passed,1.991586774237511e-05,0.3009805827278175,0.661353603125532,0.6882459186589253,3,False
same_well_masked,1,tr00073,fallback,,pf:pseudo_holdout_unavailable;beam:pseudo_holdout_unavailable;pf_beam_mean:pseudo_holdout_unavailable,0.0025513553648217006,0.05321685671406209,0.29689999480984186,,0,False
same_well_masked,1,tr0004d,fallback,,pf:pseudo_holdout_unavailable;beam:pseudo_holdout_unavailable;pf_beam_mean:pseudo_holdout_unavailable,0.004834797618358463,0.060776688514153486,0.888023235633061,,0,False
same_well_masked,1,tr00045,fallback,,pf:candidate_unavailable:partial_missing_or_invalid_horizontal_gr;beam:candidate_unavailable:partial_missing_or_invalid_horizontal_gr;pf_beam_mean:candidate_unavailable:no_pf_or_beam_track,0.0,,1.1823249493726233,,0,False
same_well_masked,1,tr00078,applied_beam,beam,all_rules_passed,1.2277047309152707e-05,0.33097053968615764,1.1261998176495276,3.1172890825754873,3,False
same_well_masked,1,tr000b8,fallback,,pf:pseudo_holdout_unavailable;beam:pseudo_holdout_unavailable;pf_beam_mean:pseudo_holdout_unavailable,0.01871706928993645,0.35647504483681286,0.5843044021300602,,0,False
same_well_masked,2,tr00075,applied_beam,beam,all_rules_passed,1.6985974604329715e-05,0.4184800864006995,1.1166458526107197,0.23975880016901954,3,False
same_well_masked,2,tr000c7,fallback,,pf:pseudo_holdout_unavailable;beam:pseudo_holdout_unavailable;pf_beam_mean:pseudo_holdout_unavailable,0.004532987352360738,0.030878036827981674,0.277961696934161,,0,False
same_well_masked,2,tr00047,applied_beam,beam,all_rules_passed,1.0684852450973164e-05,0.25986454061931225,0.4909879893067402,0.5589412522806945,3,False
same_well_masked,2,tr00006,applied_beam,beam,all_rules_passed,1.2239031104852263e-05,0.3628036946328778,0.13499225669968123,0.769259911072926,3,False
same_well_masked,2,tr00054,fallback,,pf:candidate_unavailable:partial_missing_or_invalid_horizontal_gr;beam:candidate_unavailable:partial_missing_or_invalid_horizontal_gr;pf_beam_mean:candidate_unavailable:no_pf_or_beam_track,0.0,,0.9343170986223872,,0,False
same_well_masked,2,tr000d7,fallback,,pf:pseudo_holdout_not_improved;beam:pseudo_holdout_not_improved;pf_beam_mean:pseudo_holdout_not_improved,0.0012921033222237878,0.10896171082041746,-5.9795791378608865,,0,False
same_well_masked,2,tr00044,fallback,,pf:pseudo_holdout_not_improved;beam:gbdt_expected_gain_below_margin;pf_beam_mean:gbdt_expected_gain_below_margin,0.08911172954030659,0.05706519011720073,-0.05421992985064359,,0,False
same_well_masked,2,tr00041,applied_beam,beam,all_rules_passed,2.2353532962087485e-06,0.15739784223497727,0.4237584485712565,1.3479549246160163,3,False
same_well_masked,2,tr0006a,applied_beam,beam,all_rules_passed,1.6772082088253222e-05,0.15459777127284224,1.3934194354822023,0.20698437209057993,3,False
same_well_masked,2,tr0000d,applied_beam,beam,all_rules_passed,9.862213906857293e-06,0.21156737762266475,0.3719693226358653,0.03130178232326059,2,False
same_well_masked,2,tr0004b,applied_beam,beam,all_rules_passed,1.1087313479818735e-05,0.3421652796760106,0.2681719024787372,0.2514641977243286,3,False
same_well_masked,2,tr0005e,fallback,,pf:gbdt_expected_gain_below_margin;beam:gbdt_expected_gain_below_margin;pf_beam_mean:gbdt_expected_gain_below_margin,0.0008895581895653406,0.06235111181896715,-0.4829501048721816,,0,False
same_well_masked,2,tr0003c,applied_pf_beam_mean,pf_beam_mean,all_rules_passed,0.0074725789175460675,0.1469872210253655,1.1783747978486467,0.8208264281321919,3,False
same_well_masked,2,tr000d1,applied_beam,beam,all_rules_passed,1.833679782730872e-05,0.16218440879378304,0.36582471660298704,0.6957011544320827,3,False
same_well_masked,2,tr000b7,fallback,,pf:candidate_unavailable:partial_missing_or_invalid_horizontal_gr;beam:candidate_unavailable:partial_missing_or_invalid_horizontal_gr;pf_beam_mean:candidate_unavailable:no_pf_or_beam_track,0.0,,0.7268395628054561,,0,False
same_well_masked,2,tr000b5,fallback,,pf:pseudo_holdout_unavailable;beam:pseudo_holdout_unavailable;pf_beam_mean:pseudo_holdout_unavailable,0.000385700264244479,0.089811401484527,0.16927364967230427,,0,False
same_well_masked,2,tr0005c,fallback,,pf:pseudo_holdout_unavailable;beam:pseudo_holdout_unavailable;pf_beam_mean:pseudo_holdout_unavailable,0.1245987982216024,0.06479365628676007,0.0014185012878328567,,0,False
same_well_masked,2,tr000d3,fallback,,pf:candidate_unavailable:partial_missing_or_invalid_horizontal_gr;beam:candidate_unavailable:partial_missing_or_invalid_horizontal_gr;pf_beam_mean:candidate_unavailable:no_pf_or_beam_track,0.0,,1.3876685379832931,,0,False
same_well_masked,2,tr0009d,applied_beam,beam,all_rules_passed,1.4563082489536961e-05,0.22908224999422017,0.6290887520087634,2.1511790894483083,3,False
same_well_masked,2,tr00066,applied_beam,beam,all_rules_passed,9.636676576939885e-06,0.05118735988601229,0.5146441905327248,0.6959430345011799,3,False
same_well_masked,2,tr00057,fallback,,pf:pseudo_holdout_unavailable;beam:pseudo_holdout_unavailable;pf_beam_mean:pseudo_holdout_unavailable,0.05850835656502526,0.17408001700134065,0.6054998108059602,,0,False
same_well_masked,2,tr0007c,applied_beam,beam,all_rules_passed,3.1396712922637485e-05,0.055950276999088853,0.36247410771389504,0.5307318988632905,3,False
same_well_masked,2,tr00084,fallback,,pf:candidate_unavailable:partial_missing_or_invalid_horizontal_gr;beam:candidate_unavailable:partial_missing_or_invalid_horizontal_gr;pf_beam_mean:candidate_unavailable:no_pf_or_beam_track,0.0,,-3.2406871978170084,,0,False
same_well_masked,2,tr0006e,applied_beam,beam,all_rules_passed,1.3217945673193613e-05,0.16197081076071052,0.5951480042243473,0.08120425627923081,1,False
same_well_masked,2,tr000a0,applied_beam,beam,all_rules_passed,1.1813499400619015e-05,0.14676091559527238,0.4800480138859172,1.586435310787626,3,False
same_well_masked,2,tr00001,applied_beam,beam,all_rules_passed,9.332174007296053e-06,0.2161918451054392,1.2320658100128776,0.4427268136556608,2,False
same_well_masked,2,tr000c2,applied_beam,beam,all_rules_passed,9.159556583963666e-06,0.09980595066435163,0.6016062373785961,0.26759990767085406,2,False
same_well_masked,2,tr000c4,applied_beam,beam,all_rules_passed,1.1971429864030054e-05,0.3145853254325426,0.9654703633182742,4.137140516621472,3,False
same_well_masked,2,tr000a5,fallback,,pf:pseudo_holdout_unavailable;beam:pseudo_holdout_unavailable;pf_beam_mean:pseudo_holdout_unavailable,0.10776042261508835,0.14498347119266253,0.6893629953345576,,0,False
same_well_masked,2,tr00022,applied_beam,beam,all_rules_passed,1.1852032558479275e-05,0.24511040331196493,0.5472191578507132,0.325700357737429,3,False
same_well_masked,2,tr00028,fallback,,pf:pseudo_holdout_unavailable;beam:pseudo_holdout_unavailable;pf_beam_mean:pseudo_holdout_unavailable,0.02958805233077478,0.08529996557110861,0.45649319896854407,,0,False
same_well_masked,2,tr000b3,fallback,,pf:pseudo_holdout_unavailable;beam:pseudo_holdout_unavailable;pf_beam_mean:pseudo_holdout_unavailable,0.02632745185143928,0.3430590080986917,0.7130939060257642,,0,False
same_well_masked,2,tr000cb,fallback,,pf:worst_tail_risk_increased;beam:worst_tail_risk_increased;pf_beam_mean:worst_tail_risk_increased,0.001767725588931734,0.07248954250651721,0.3394661350864043,,0,False
same_well_masked,2,tr00003,applied_beam,beam,all_rules_passed,1.006416465133356e-05,0.15035963124173132,1.4849195893012874,0.011735721043823255,2,False
same_well_masked,2,tr00042,applied_beam,beam,all_rules_passed,1.0563211318494091e-05,0.018913006077370363,0.6262049815443486,0.31636938716311647,3,False
same_well_masked,2,tr0009c,fallback,,pf:gbdt_expected_gain_below_margin;beam:gbdt_expected_gain_below_margin;pf_beam_mean:gbdt_expected_gain_below_margin,0.008522775173994978,0.0734416947053598,-0.11123899609197233,,0,False
same_well_masked,2,tr00018,applied_beam,beam,all_rules_passed,1.7197750558938149e-06,0.3246519487898933,0.4565991509986007,0.5710225041513879,3,False
same_well_masked,2,tr000af,applied_beam,beam,all_rules_passed,1.3529200841583088e-06,0.12210552478638817,0.6524073045253019,0.03446114963474038,1,False
same_well_masked,2,tr00056,fallback,,pf:pseudo_holdout_unavailable;beam:pseudo_holdout_unavailable;pf_beam_mean:pseudo_holdout_unavailable,0.004180625806550712,0.1296142148787546,0.6130658032682745,,0,False
same_well_masked,2,tr00065,fallback,,pf:candidate_unavailable:partial_missing_or_invalid_horizontal_gr;beam:candidate_unavailable:partial_missing_or_invalid_horizontal_gr;pf_beam_mean:candidate_unavailable:no_pf_or_beam_track,0.0,,1.5922390684835492,,0,False
same_well_masked,2,tr000a8,fallback,,pf:pseudo_holdout_unavailable;beam:pseudo_holdout_unavailable;pf_beam_mean:pseudo_holdout_unavailable,0.012408680932581207,0.11561519942713862,0.5838391393171855,,0,False
same_well_masked,2,tr00020,applied_beam,beam,all_rules_passed,9.294466115679746e-06,0.15243268950222008,0.7032501614392475,0.6254231614003304,3,False
same_well_masked,2,tr00049,fallback,,pf:pseudo_holdout_unavailable;beam:pseudo_holdout_unavailable;pf_beam_mean:pseudo_holdout_unavailable,0.01689762232639015,0.24479610865767118,0.5435402305249833,,0,False
same_well_masked,2,tr0001f,applied_beam,beam,all_rules_passed,1.0809276851209902e-05,0.055712065606825914,0.7611999215021501,0.40913014836407685,3,False
same_well_masked,2,tr0004c,fallback,,pf:candidate_unavailable:partial_missing_or_invalid_horizontal_gr;beam:candidate_unavailable:partial_missing_or_invalid_horizontal_gr;pf_beam_mean:candidate_unavailable:no_pf_or_beam_track,0.0,,0.4517182217180359,,0,False
same_well_masked,2,tr00071,fallback,,pf:pseudo_holdout_unavailable;beam:pseudo_holdout_unavailable;pf_beam_mean:pseudo_holdout_unavailable,0.005405575460093273,0.02852462785288545,0.6204096440671337,,0,False
same_well_masked,2,tr0003b,applied_beam,beam,all_rules_passed,1.252561501562435e-05,0.1924934529731109,0.3481448998228222,0.6853128669073483,3,False
same_well_masked,2,tr00021,applied_beam,beam,all_rules_passed,8.6331400883334e-06,0.35430544952738263,1.116864450549711,0.5741860975261673,3,False
same_well_masked,3,tr000ed,applied_beam,beam,all_rules_passed,1.2428169264550232e-05,0.14073875482495965,0.4912666989723674,0.526033410343867,3,False
same_well_masked,3,tr00029,fallback,,pf:pseudo_holdout_unavailable;beam:pseudo_holdout_unavailable;pf_beam_mean:pseudo_holdout_unavailable,0.17225542531276336,0.13806428071017438,0.6678399818133014,,0,False
same_well_masked,3,tr0008a,applied_beam,beam,all_rules_passed,1.8085671572212067e-05,0.22582494603061878,0.2662996103379085,0.5489918163475581,3,False
same_well_masked,3,tr000cd,applied_beam,beam,all_rules_passed,1.2129409227985895e-05,0.2276218102678467,0.8003225896800701,1.0964504229424883,3,False
same_well_masked,3,tr000d8,fallback,,pf:pseudo_holdout_unavailable;beam:pseudo_holdout_unavailable;pf_beam_mean:pseudo_holdout_unavailable,0.01046631390366884,0.15094520404769315,1.0671793020959348,,0,False
same_well_masked,3,tr00019,applied_pf_beam_mean,pf_beam_mean,all_rules_passed,0.004317195895719069,0.06285173765311546,0.7194121139954356,0.7504072084605039,3,False
same_well_masked,3,tr0004a,fallback,,pf:candidate_unavailable:partial_missing_or_invalid_horizontal_gr;beam:candidate_unavailable:partial_missing_or_invalid_horizontal_gr;pf_beam_mean:candidate_unavailable:no_pf_or_beam_track,0.0,,0.4247596064415282,,0,False
same_well_masked,3,tr00077,fallback,,pf:pseudo_holdout_not_improved;beam:pseudo_holdout_not_improved;pf_beam_mean:pseudo_holdout_not_improved,0.002893283332220151,0.0851434378234298,2.3662003235005824,,0,False
same_well_masked,3,tr0007e,fallback,,pf:candidate_unavailable:partial_missing_or_invalid_horizontal_gr;beam:candidate_unavailable:partial_missing_or_invalid_horizontal_gr;pf_beam_mean:candidate_unavailable:no_pf_or_beam_track,0.0,,0.4563494760242588,,0,False
same_well_masked,3,tr00059,applied_beam,beam,all_rules_passed,1.4795489371062116e-05,0.3833276190261625,1.3951543343934367,1.0214690320682904,3,False
same_well_masked,3,tr000a1,fallback,,pf:pseudo_holdout_unavailable;beam:pseudo_holdout_unavailable;pf_beam_mean:pseudo_holdout_unavailable,0.08447683109169778,0.048470159123513226,0.5066512388021966,,0,False
same_well_masked,3,tr000aa,applied_beam,beam,all_rules_passed,1.462966642191986e-05,0.2225320787226697,0.8773485696129713,1.8384655303193487,3,False
same_well_masked,3,tr00053,applied_beam,beam,all_rules_passed,1.3714731670432994e-05,0.05691378270444363,0.5851556461045442,0.2685122206672344,3,False
same_well_masked,3,tr00096,applied_beam,beam,all_rules_passed,9.556337879326243e-06,0.2629923498911399,1.2684121464075173,0.2524421854347694,3,False
same_well_masked,3,tr0006d,fallback,,pf:pseudo_holdout_unavailable;beam:pseudo_holdout_unavailable;pf_beam_mean:pseudo_holdout_unavailable,0.002545639448764113,0.16659711381657283,0.5283080096603021,,0,False
same_well_masked,3,tr0006f,fallback,,pf:pseudo_holdout_not_improved;beam:pseudo_holdout_not_improved;pf_beam_mean:pseudo_holdout_not_improved,0.002602082370308498,0.2926389783399827,1.136168424054105,,0,False
same_well_masked,3,tr0000f,fallback,,pf:pseudo_holdout_unavailable;beam:pseudo_holdout_unavailable;pf_beam_mean:pseudo_holdout_unavailable,0.030143972222028116,0.22938370736747507,0.497630992333069,,0,False
same_well_masked,3,tr000b1,fallback,,pf:candidate_unavailable:partial_missing_or_invalid_horizontal_gr;beam:candidate_unavailable:partial_missing_or_invalid_horizontal_gr;pf_beam_mean:candidate_unavailable:no_pf_or_beam_track,0.0,,2.225334723710676,,0,False
same_well_masked,3,tr00032,fallback,,pf:pseudo_holdout_unavailable;beam:pseudo_holdout_unavailable;pf_beam_mean:pseudo_holdout_unavailable,0.00669066499109848,0.05338998735678234,0.42228272923642934,,0,False
same_well_masked,3,tr0001c,fallback,,pf:pseudo_holdout_not_improved;beam:pseudo_holdout_not_improved;pf_beam_mean:pseudo_holdout_not_improved,0.01562556769357589,0.2952027472687133,0.5703347089325702,,0,False
same_well_masked,3,tr00012,applied_beam,beam,all_rules_passed,1.1938901612082799e-05,0.41581583624818974,0.7288363530515978,0.4536350100494376,3,False
same_well_masked,3,tr00010,fallback,,pf:candidate_unavailable:partial_missing_or_invalid_horizontal_gr;beam:candidate_unavailable:partial_missing_or_invalid_horizontal_gr;pf_beam_mean:candidate_unavailable:no_pf_or_beam_track,0.0,,0.6864635917698414,,0,False
same_well_masked,3,tr00008,applied_beam,beam,all_rules_passed,1.7284921167179396e-05,0.05664869100087266,0.436334731719823,0.43804188440346636,2,False
same_well_masked,3,tr00052,applied_beam,beam,all_rules_passed,1.0057788105071689e-05,0.14926300791780028,0.7162346483682602,1.0063658758334082,3,False
same_well_masked,3,tr000e4,fallback,,pf:candidate_unavailable:partial_missing_or_invalid_horizontal_gr;beam:candidate_unavailable:partial_missing_or_invalid_horizontal_gr;pf_beam_mean:candidate_unavailable:no_pf_or_beam_track,0.0,,1.0017714936251925,,0,False
same_well_masked,3,tr000b4,fallback,,pf:pseudo_holdout_not_improved;beam:pseudo_holdout_not_improved;pf_beam_mean:pseudo_holdout_not_improved,0.007782625870622358,0.1185191594928916,0.9720588703256396,,0,False
same_well_masked,3,tr00070,applied_beam,beam,all_rules_passed,1.6641553329775532e-05,0.08557590449867682,1.0875693016139485,0.45941768960564766,3,False
same_well_masked,3,tr00058,applied_beam,beam,all_rules_passed,1.83423321585506e-05,0.05801352622298814,1.2273446664786856,2.40416523810267,3,False
same_well_masked,3,tr00026,fallback,,pf:pseudo_holdout_not_improved;beam:pseudo_holdout_not_improved;pf_beam_mean:pseudo_holdout_not_improved,0.07080113593852759,0.1608629133876426,-2.4977862129008854,,0,False
same_well_masked,3,tr0001b,fallback,,pf:pseudo_holdout_unavailable;beam:pseudo_holdout_unavailable;pf_beam_mean:pseudo_holdout_unavailable,0.005338836096372209,0.24105266871678174,0.27191506516146874,,0,False
same_well_masked,3,tr0009f,fallback,,pf:candidate_unavailable:partial_missing_or_invalid_horizontal_gr;beam:candidate_unavailable:partial_missing_or_invalid_horizontal_gr;pf_beam_mean:candidate_unavailable:no_pf_or_beam_track,0.0,,0.8214916639627404,,0,False
same_well_masked,3,tr000b2,applied_beam,beam,all_rules_passed,2.6275594909648835e-05,0.06033940763949725,1.0079759201208223,0.09453613192112802,2,False
same_well_masked,3,tr00051,fallback,,pf:pseudo_holdout_not_improved;beam:pseudo_holdout_not_improved;pf_beam_mean:pseudo_holdout_not_improved,0.002839818936389206,0.29418801390825894,0.20653660378920904,,0,False
same_well_masked,3,tr000ad,applied_beam,beam,all_rules_passed,7.475559669353959e-06,0.09996354687335436,0.2643928719123137,0.3411286509299551,3,False
same_well_masked,3,tr000a3,fallback,,pf:pseudo_holdout_unavailable;beam:pseudo_holdout_unavailable;pf_beam_mean:pseudo_holdout_unavailable,0.015926627392266003,0.2649089912713634,0.5302325975397392,,0,False
same_well_masked,3,tr00092,applied_beam,beam,all_rules_passed,1.4602534952456495e-05,0.4240533070831698,0.5223396073528616,0.265438956437393,3,False
same_well_masked,3,tr000e8,applied_beam,beam,all_rules_passed,1.1087617122577386e-05,0.3833596914909514,0.7589033751644363,0.9031795608869193,3,False
same_well_masked,3,tr00080,applied_beam,beam,all_rules_passed,1.0148473442190347e-05,0.09755488222223678,0.8669241119249798,2.0222220651200886,3,False
same_well_masked,3,tr0003f,applied_beam,beam,all_rules_passed,1.64307047296371e-05,0.5633613086451494,0.7171416481692792,1.7725454569019217,3,False
same_well_masked,3,tr00031,applied_beam,beam,all_rules_passed,1.0585937861333275e-05,0.21763329699407932,0.9054623446735167,0.17689125002001205,1,False
same_well_masked,3,tr00060,fallback,,pf:pseudo_holdout_not_improved;beam:pseudo_holdout_not_improved;pf_beam_mean:pseudo_holdout_not_improved,0.003920867480820766,0.23327346567158172,-1.0177807397718794,,0,False
same_well_masked,3,tr00038,fallback,,pf:pseudo_holdout_not_improved;beam:pseudo_holdout_not_improved;pf_beam_mean:pseudo_holdout_not_improved,0.014116843607862252,0.14808514276552864,-2.488685540507444,,0,False
same_well_masked,3,tr000a6,applied_pf_beam_mean,pf_beam_mean,all_rules_passed,0.006205435937119678,0.35271320111846355,1.4158319861295894,0.5019057386296659,3,False
same_well_masked,3,tr000e0,applied_beam,beam,all_rules_passed,2.2777576513211057e-05,0.05695673517835398,0.5796759031610881,0.5209695227980171,3,False
same_well_masked,3,tr00007,applied_beam,beam,all_rules_passed,1.8028954998599217e-05,0.14649552656388137,1.969291611404425,2.1051141160722406,3,False
same_well_masked,3,tr0007f,applied_beam,beam,all_rules_passed,8.389540033518552e-06,0.33594045995310895,1.4715266803511735,0.2472064681400645,3,False
same_well_masked,3,tr000b6,fallback,,pf:pseudo_holdout_not_improved;beam:pseudo_holdout_not_improved;pf_beam_mean:pseudo_holdout_not_improved,0.12631956160087518,0.5076519316212416,-1.7896978057442312,,0,False
same_well_masked,3,tr000cf,fallback,,pf:pseudo_holdout_unavailable;beam:pseudo_holdout_unavailable;pf_beam_mean:pseudo_holdout_unavailable,0.000429200581752277,0.10163064192795611,0.6020687125049692,,0,False
same_well_masked,4,tr00099,applied_beam,beam,all_rules_passed,1.2577636165519243e-05,0.11200796194744261,0.9395867220220824,0.6933156523120931,3,False
same_well_masked,4,tr000e2,applied_beam,beam,all_rules_passed,2.2332428849285997e-05,0.042590102923731644,1.5451881486668162,0.3981199465210099,2,False
same_well_masked,4,tr00027,fallback,,pf:pseudo_holdout_unavailable;beam:pseudo_holdout_unavailable;pf_beam_mean:pseudo_holdout_unavailable,0.02302060224707977,0.35331623394469497,0.36011139382422114,,0,False
same_well_masked,4,tr00011,applied_pf_beam_mean,pf_beam_mean,all_rules_passed,0.043950141394896565,0.04851292502137413,1.073725423726255,0.4729827783565814,2,False
same_well_masked,4,tr00076,fallback,,pf:pseudo_holdout_unavailable;beam:pseudo_holdout_unavailable;pf_beam_mean:pseudo_holdout_unavailable,0.00297280464935674,0.06751137462160008,0.41526557184189994,,0,False
same_well_masked,4,tr000c5,fallback,,pf:gbdt_expected_gain_below_margin;beam:gbdt_expected_gain_below_margin;pf_beam_mean:gbdt_expected_gain_below_margin,0.024754398214173145,0.24098001412679887,-0.2796342167823204,,0,False
same_well_masked,4,tr000e7,applied_beam,beam,all_rules_passed,1.072872777663544e-05,0.17690302179566267,0.3591813982308968,0.5559557331032128,3,False
same_well_masked,4,tr00093,fallback,,pf:candidate_unavailable:partial_missing_or_invalid_horizontal_gr;beam:candidate_unavailable:partial_missing_or_invalid_horizontal_gr;pf_beam_mean:candidate_unavailable:no_pf_or_beam_track,0.0,,0.6614751510585805,,0,False
same_well_masked,4,tr000ca,applied_beam,beam,all_rules_passed,9.590014549547649e-06,0.19119358130777428,0.2718602020363034,0.34601691487385294,3,False
same_well_masked,4,tr000d9,fallback,,pf:candidate_unavailable:partial_missing_or_invalid_horizontal_gr;beam:candidate_unavailable:partial_missing_or_invalid_horizontal_gr;pf_beam_mean:candidate_unavailable:no_pf_or_beam_track,0.0,,1.2085976669452725,,0,False
same_well_masked,4,tr00034,applied_beam,beam,all_rules_passed,1.0722771211620478e-05,0.0640061681234531,0.31640135750386056,0.6064936429054111,3,False
same_well_masked,4,tr000ae,applied_beam,beam,all_rules_passed,1.017124532132425e-05,0.46161211496526616,1.3064776863346876,1.5666941961996392,3,False
same_well_masked,4,tr00095,fallback,,pf:pseudo_holdout_unavailable;beam:pseudo_holdout_unavailable;pf_beam_mean:pseudo_holdout_unavailable,0.01174838265440294,0.2705030997495,0.08280668705153285,,0,False
same_well_masked,4,tr00090,fallback,,pf:pseudo_holdout_unavailable;beam:pseudo_holdout_unavailable;pf_beam_mean:pseudo_holdout_unavailable,0.013054021478502162,0.08047301177390055,0.31725123561662144,,0,False
same_well_masked,4,tr0008b,fallback,,pf:candidate_unavailable:partial_missing_or_invalid_horizontal_gr;beam:candidate_unavailable:partial_missing_or_invalid_horizontal_gr;pf_beam_mean:candidate_unavailable:no_pf_or_beam_track,0.0,,-4.3987147667824935,,0,False
same_well_masked,4,tr00061,applied_beam,beam,all_rules_passed,1.508188170577043e-05,0.04933012538918799,0.6898770222031083,0.6180544794830456,3,False
same_well_masked,4,tr00085,applied_beam,beam,all_rules_passed,1.1058407491214779e-05,0.1658001765610673,0.8966328285082416,0.16627924841031014,1,False
same_well_masked,4,tr000a2,fallback,,pf:pseudo_holdout_unavailable;beam:pseudo_holdout_unavailable;pf_beam_mean:pseudo_holdout_unavailable,0.10529761307443619,0.45505118618273854,0.32341598471776856,,0,False
same_well_masked,4,tr000bd,applied_beam,beam,all_rules_passed,1.311281276343716e-05,0.06903585283154821,0.6759734968888392,0.323773865464832,3,False
same_well_masked,4,tr0005a,applied_beam,beam,all_rules_passed,1.9360894789263135e-05,0.3488395238951979,0.5567862999852234,0.3559385117499624,3,False
same_well_masked,4,tr00025,applied_beam,beam,all_rules_passed,1.3683313724110075e-05,0.04341325539724749,1.0360435189714365,2.3664064131166156,3,False
same_well_masked,4,tr0002f,applied_beam,beam,all_rules_passed,1.4496628156618887e-05,0.153119093741369,0.5100659299550268,1.6828447900455168,3,False
same_well_masked,4,tr000d5,applied_beam,beam,all_rules_passed,1.180446195703139e-05,0.25142800528287346,0.9072854672674437,0.4862922422652725,3,False
same_well_masked,4,tr000e3,fallback,,pf:gbdt_expected_gain_below_margin;beam:gbdt_expected_gain_below_margin;pf_beam_mean:gbdt_expected_gain_below_margin,0.01764751654194952,0.49615443641423645,-4.572548667540102,,0,False
same_well_masked,4,tr000ea,fallback,,pf:candidate_unavailable:partial_missing_or_invalid_horizontal_gr;beam:candidate_unavailable:partial_missing_or_invalid_horizontal_gr;pf_beam_mean:candidate_unavailable:no_pf_or_beam_track,0.0,,0.9372108480201699,,0,False
same_well_masked,4,tr00002,applied_beam,beam,all_rules_passed,1.330015520301322e-05,0.14492137953817655,0.7384404307399443,0.32612686263495744,2,False
same_well_masked,4,tr0000b,fallback,,pf:pseudo_holdout_unavailable;beam:pseudo_holdout_unavailable;pf_beam_mean:pseudo_holdout_unavailable,0.07754172749214426,0.4287150404691103,0.5125982622886511,,0,False
same_well_masked,4,tr00087,applied_beam,beam,all_rules_passed,1.7099504235918326e-05,0.26346646811317065,1.702111633742085,2.7781185998808033,3,False
same_well_masked,4,tr00037,applied_beam,beam,all_rules_passed,1.6290298100460327e-05,0.2223607500106128,0.414126775911266,0.2358416489997993,3,False
same_well_masked,4,tr00072,fallback,,pf:pseudo_holdout_unavailable;beam:pseudo_holdout_unavailable;pf_beam_mean:pseudo_holdout_unavailable,0.0242251766601467,0.3828083936623899,0.30812113307086053,,0,False
same_well_masked,4,tr000d4,fallback,,pf:pseudo_holdout_unavailable;beam:pseudo_holdout_unavailable;pf_beam_mean:pseudo_holdout_unavailable,0.05656844608018856,0.18623636937836996,0.39913678054432006,,0,False
same_well_masked,4,tr0006c,applied_beam,beam,all_rules_passed,8.062122076581938e-06,0.37128956326708623,0.4422212982318406,0.29266370151853144,3,False
same_well_masked,4,tr0004f,fallback,,pf:pseudo_holdout_unavailable;beam:pseudo_holdout_unavailable;pf_beam_mean:pseudo_holdout_unavailable,0.023833563625286713,0.22067204075274408,0.5047773195055751,,0,False
same_well_masked,4,tr000c3,applied_beam,beam,all_rules_passed,8.328564445924649e-06,0.06681831443757495,0.3571423483158112,0.24303268600199995,2,False
same_well_masked,4,tr000dc,applied_beam,beam,all_rules_passed,9.271092544477598e-06,0.23892237337205358,1.5062763062895592,0.9516514995981412,3,False
same_well_masked,4,tr00086,applied_beam,beam,all_rules_passed,1.1047737540842626e-05,0.0742218324106811,0.5588934231083018,1.1031670182249247,3,False
same_well_masked,4,tr00015,applied_beam,beam,all_rules_passed,1.954984670298482e-05,0.19128484319721845,1.0949090963370527,0.812743394779303,3,False
same_well_masked,4,tr000bc,applied_beam,beam,all_rules_passed,9.847827812708782e-06,0.24871034013015342,0.8858547681343985,0.15090518879965442,2,False
same_well_masked,4,tr0007d,applied_beam,beam,all_rules_passed,1.1665172908714659e-05,0.4087437894228735,0.19297496878608744,0.9690388329130503,3,False
same_well_masked,4,tr000d2,applied_beam,beam,all_rules_passed,9.990795407240445e-06,0.33804500130289994,1.8097381544539441,0.5510009009782624,3,False
same_well_masked,4,tr000db,applied_beam,beam,all_rules_passed,1.809906628772136e-05,0.10153697400560634,0.8710627910658407,1.0982049502904234,3,False
same_well_masked,4,tr0002e,applied_beam,beam,all_rules_passed,1.4537011605200196e-05,0.2600082241376297,0.22255899269143406,0.5960890225419246,3,False
same_well_masked,4,tr000df,fallback,,pf:candidate_unavailable:partial_missing_or_invalid_horizontal_gr;beam:candidate_unavailable:partial_missing_or_invalid_horizontal_gr;pf_beam_mean:candidate_unavailable:no_pf_or_beam_track,0.0,,0.5119518246704764,,0,False
same_well_masked,4,tr00068,applied_beam,beam,all_rules_passed,1.527398650174321e-05,0.07912325893376487,0.03506769199514072,1.583193289478357,1,False
same_well_masked,4,tr000bf,fallback,,pf:candidate_unavailable:partial_missing_or_invalid_horizontal_gr;beam:candidate_unavailable:partial_missing_or_invalid_horizontal_gr;pf_beam_mean:candidate_unavailable:no_pf_or_beam_track,0.0,0.0,0.7011878860691789,,0,False
same_well_masked,4,tr00079,applied_beam,beam,all_rules_passed,1.638118407556254e-05,0.5004784674740457,0.43246448127104925,0.43441989075284315,2,False
same_well_masked,4,tr0001d,applied_beam,beam,all_rules_passed,9.880578941056303e-06,0.32046293601870873,0.6655887681404762,0.7889122354736549,3,False
same_well_masked,4,tr0005f,fallback,,pf:candidate_unavailable:partial_missing_or_invalid_horizontal_gr;beam:candidate_unavailable:partial_missing_or_invalid_horizontal_gr;pf_beam_mean:candidate_unavailable:no_pf_or_beam_track,0.0,,2.49329575813231,,0,False
unseen_well,0,tr00064,applied_pf,pf,all_rules_passed,0.011125742515070673,0.47717994192125096,2.196605800258048,0.5544492565272303,3,False
unseen_well,0,tr000c8,applied_pf,pf,all_rules_passed,0.0009861441098762077,0.03936635421948361,0.4074799552242165,1.6075652991031135,3,False
unseen_well,0,tr00000,applied_pf,pf,all_rules_passed,0.00517321577270565,0.1944824526079519,0.6358746389445794,2.5967189385637477,3,False
unseen_well,0,tr000c1,fallback,,pf:gbdt_expected_gain_below_margin;beam:gbdt_expected_gain_below_margin;pf_beam_mean:gbdt_expected_gain_below_margin,0.005173139339973098,0.30571173649764954,-0.2925732629175896,,0,False
unseen_well,0,tr000d6,fallback,,pf:pseudo_holdout_not_improved;beam:pseudo_holdout_not_improved;pf_beam_mean:pseudo_holdout_not_improved,0.003987109075720094,0.1889862240589867,-5.637540464099074,,0,False
unseen_well,0,tr000e6,fallback,,pf:pseudo_holdout_not_improved;beam:pseudo_holdout_not_improved;pf_beam_mean:pseudo_holdout_not_improved,0.001513960397136047,0.17847692613996288,0.07069313172067176,,0,False
unseen_well,0,tr00036,fallback,,pf:gbdt_expected_gain_below_margin;beam:gbdt_expected_gain_below_margin;pf_beam_mean:gbdt_expected_gain_below_margin,0.13713109407239915,0.0444785157373625,-0.17428211410220198,,0,False
unseen_well,0,tr00074,fallback,,pf:pseudo_holdout_not_improved;beam:pseudo_holdout_not_improved;pf_beam_mean:pseudo_holdout_not_improved,0.2266390227973765,0.46349305624478526,-1.0539774150443784,,0,False
unseen_well,0,tr000e1,applied_pf,pf,all_rules_passed,0.07831621946061322,0.06447033817192122,0.8747910804289387,1.3387689394003965,3,False
unseen_well,0,tr0009a,fallback,,pf:gbdt_expected_gain_below_margin;beam:gbdt_expected_gain_below_margin;pf_beam_mean:gbdt_expected_gain_below_margin,0.06775348622501735,0.09319372889587707,-0.2035725076402944,,0,False
unseen_well,0,tr00081,applied_pf,pf,all_rules_passed,0.01136355896759922,0.032491090432601774,3.030251321641406,1.5031614797948851,3,False
unseen_well,0,tr000d0,applied_pf,pf,all_rules_passed,0.0012677640283308624,0.1073571135783297,2.0226611946458672,0.5444038283439767,3,False
unseen_well,0,tr0008d,fallback,,pf:gbdt_expected_gain_below_margin;beam:gbdt_expected_gain_below_margin;pf_beam_mean:gbdt_expected_gain_below_margin,0.022226078405471337,0.14718702799559846,-4.81440470572699,,0,False
unseen_well,0,tr00046,fallback,,pf:pseudo_holdout_not_improved;beam:gbdt_expected_gain_below_margin;pf_beam_mean:pseudo_holdout_not_improved,0.003047173945177759,0.0703837476403288,-0.290274802412458,,0,False
unseen_well,0,tr0005d,fallback,,pf:pseudo_holdout_not_improved;beam:pseudo_holdout_not_improved;pf_beam_mean:pseudo_holdout_not_improved,0.0024635786008155407,0.07814750532657602,2.9631733102518227,,0,False
unseen_well,0,tr00023,fallback,,pf:gbdt_expected_gain_below_margin;beam:gbdt_expected_gain_below_margin;pf_beam_mean:gbdt_expected_gain_below_margin,0.007486172112404868,0.24443514972850386,-0.1027617632562146,,0,False
unseen_well,0,tr0008c,fallback,,pf:pseudo_holdout_not_improved;beam:pseudo_holdout_not_improved;pf_beam_mean:pseudo_holdout_not_improved,0.0013765535655793928,0.10850831384053658,1.63607868456787,,0,False
unseen_well,0,tr00050,fallback,,pf:gbdt_expected_gain_below_margin;beam:gbdt_expected_gain_below_margin;pf_beam_mean:gbdt_expected_gain_below_margin,0.007186762469329217,0.0703224613299938,-1.102033329084408,,0,False
unseen_well,0,tr000c0,fallback,,pf:pseudo_holdout_not_improved;beam:pseudo_holdout_not_improved;pf_beam_mean:pseudo_holdout_not_improved,0.003797217624723469,0.4208426080401558,2.1500240314259242,,0,False
unseen_well,0,tr000ee,fallback,,pf:pseudo_holdout_not_improved;beam:pseudo_holdout_not_improved;pf_beam_mean:pseudo_holdout_not_improved,0.009642463428792816,0.14283573955758877,3.6638872317409836,,0,False
unseen_well,0,tr00063,fallback,,pf:gbdt_expected_gain_below_margin;beam:gbdt_expected_gain_below_margin;pf_beam_mean:gbdt_expected_gain_below_margin,0.0071310710535283746,0.09759584633756922,-0.888320887990769,,0,False
unseen_well,0,tr0009b,fallback,,pf:gbdt_expected_gain_below_margin;beam:gbdt_expected_gain_below_margin;pf_beam_mean:gbdt_expected_gain_below_margin,0.008920387093984877,0.46957772417374277,-0.09084760551450542,,0,False
unseen_well,0,tr00069,fallback,,pf:pseudo_holdout_not_improved;beam:pseudo_holdout_not_improved;pf_beam_mean:pseudo_holdout_not_improved,0.008074474642850894,0.13138025756202526,2.0694617819718353,,0,False
unseen_well,0,tr00040,applied_pf,pf,all_rules_passed,0.005925784629189013,0.6775334135072183,0.13905923896230185,0.8851824202949677,3,False
unseen_well,0,tr0001e,applied_pf,pf,all_rules_passed,0.08364514392616958,0.35647039045863493,1.2113569041927503,0.5043003558517456,3,False
unseen_well,0,tr0002c,applied_beam,beam,all_rules_passed,1.3502989831057929e-05,0.07195447098486035,0.7728092731744648,0.9065498980345341,2,False
unseen_well,0,tr000cc,fallback,,pf:pseudo_holdout_not_improved;beam:pseudo_holdout_not_improved;pf_beam_mean:pseudo_holdout_not_improved,0.05720856100731068,0.07720379816568333,-0.3381006381952874,,0,False
unseen_well,0,tr000ab,applied_pf,pf,all_rules_passed,0.09696427223191273,0.21947345740620913,0.8801348733750682,0.3406112577483265,3,False
unseen_well,0,tr00017,applied_pf,pf,all_rules_passed,0.07235339232379724,0.09376622770695148,0.7804921801805992,0.7006744695395435,3,False
unseen_well,0,tr00014,applied_pf,pf,all_rules_passed,0.024624497666783082,0.21251223924604498,0.8328476556397392,0.37616258948358033,3,False
unseen_well,0,tr00039,applied_pf,pf,all_rules_passed,0.10771446550404402,0.24752995853157359,1.3865182879892284,0.26154186956787556,3,False
unseen_well,0,tr00016,applied_beam,beam,all_rules_passed,8.961349183995074e-06,0.1011884394952317,0.09570357732478285,0.18370304250467223,1,False
unseen_well,0,tr000ac,applied_beam,beam,all_rules_passed,2.0455322615898907e-05,0.4447165188132732,0.714322077246287,0.20801479522244912,2,False
unseen_well,0,tr00091,fallback,,pf:pseudo_holdout_not_improved;beam:pseudo_holdout_not_improved;pf_beam_mean:pseudo_holdout_not_improved,0.002520179198366966,0.09628012731685172,0.9349404692693234,,0,False
unseen_well,0,tr0008f,fallback,,pf:pseudo_holdout_not_improved;beam:pseudo_holdout_not_improved;pf_beam_mean:pseudo_holdout_not_improved,0.11237784405757065,0.44881592838225703,2.0028906978738656,,0,False
unseen_well,0,tr0006b,fallback,,pf:gbdt_expected_gain_below_margin;beam:gbdt_expected_gain_below_margin;pf_beam_mean:gbdt_expected_gain_below_margin,0.06563569747499666,0.05210526326955578,-0.3389672837993661,,0,False
unseen_well,0,tr00043,applied_pf,pf,all_rules_passed,0.0033005484570513477,0.21481802451089427,0.01650861530298574,0.4305891640233399,3,False
unseen_well,0,tr000be,fallback,,pf:pseudo_holdout_not_improved;beam:pseudo_holdout_not_improved;pf_beam_mean:pseudo_holdout_not_improved,0.1825135658939538,0.3532029361914304,-1.7843877637586008,,0,False
unseen_well,0,tr0003e,applied_pf,pf,all_rules_passed,0.0032302747133067166,0.06123455449566035,1.6059051743575685,0.30215683621042744,3,False
unseen_well,0,tr0001a,applied_pf,pf,all_rules_passed,0.02736714006058722,0.035123736687850515,0.8718592229092821,0.4150549776817755,3,False
unseen_well,0,tr000bb,applied_pf,pf,all_rules_passed,0.0018075377921817298,0.03425773718075817,0.7796591080900643,1.027464106834553,3,False
unseen_well,0,tr0003d,fallback,,pf:pseudo_holdout_not_improved;beam:pseudo_holdout_not_improved;pf_beam_mean:pseudo_holdout_not_improved,0.0016497498970730496,0.15262857471841945,0.3686107797891241,,0,False
unseen_well,0,tr0003a,applied_pf,pf,all_rules_passed,0.019853023667080808,0.17707688833078009,0.5581570150767042,0.49099093634584035,3,False
unseen_well,0,tr000e5,applied_pf,pf,all_rules_passed,0.0008190177575577791,0.23508633666695733,0.4413782165675453,1.2523122825744168,3,False
unseen_well,0,tr000b0,fallback,,pf:pseudo_holdout_not_improved;beam:pseudo_holdout_not_improved;pf_beam_mean:pseudo_holdout_not_improved,0.19881113900274028,0.6288624546635843,-2.037503414666888,,0,False
unseen_well,0,tr000ef,fallback,,pf:pseudo_holdout_not_improved;beam:pseudo_holdout_not_improved;pf_beam_mean:pseudo_holdout_not_improved,0.057445296584487375,0.4274554873958442,2.5436539704814605,,0,False
unseen_well,0,tr0004e,fallback,,pf:pseudo_holdout_not_improved;beam:pseudo_holdout_not_improved;pf_beam_mean:pseudo_holdout_not_improved,0.0032310516420035037,0.4900924572263069,1.946560135288046,,0,False
unseen_well,0,tr000a9,applied_pf,pf,all_rules_passed,0.0019171587098755648,0.24228532693047128,3.1417205809673177,0.2560125291907557,3,False
unseen_well,1,tr000c9,applied_pf,pf,all_rules_passed,0.009625906552536194,0.24003367109471355,0.7350386021720976,1.2780670948837207,3,False
unseen_well,1,tr000a4,fallback,,pf:pseudo_holdout_not_improved;beam:pseudo_holdout_not_improved;pf_beam_mean:pseudo_holdout_not_improved,0.07100945680254352,0.08489721373929929,2.247775688695104,,0,False
unseen_well,1,tr00048,fallback,,pf:gbdt_expected_gain_below_margin;beam:gbdt_expected_gain_below_margin;pf_beam_mean:gbdt_expected_gain_below_margin,0.008715703783869088,0.2645398123789728,-0.010749713020373051,,0,False
unseen_well,1,tr0008e,fallback,,pf:gbdt_expected_gain_below_margin;beam:gbdt_expected_gain_below_margin;pf_beam_mean:gbdt_expected_gain_below_margin,0.012649558236677003,0.5662685163215367,-0.4975277805868401,,0,False
unseen_well,1,tr00067,applied_beam,beam,all_rules_passed,1.3235681293667994e-05,0.2507382880691055,0.4905731965001454,0.31373669273680094,3,False
unseen_well,1,tr000da,fallback,,pf:pseudo_holdout_not_improved;beam:pseudo_holdout_not_improved;pf_beam_mean:pseudo_holdout_not_improved,0.01977703210260347,0.0431091833151912,2.0734422950443503,,0,False
unseen_well,1,tr00024,applied_pf,pf,all_rules_passed,0.003033110524361058,0.13466579490233907,0.4926858163991673,5.021349838023846,3,False
unseen_well,1,tr00005,applied_beam,beam,all_rules_passed,7.762700483161338e-06,0.17187949775786265,1.7060678166073724,0.22167348718547059,3,False
unseen_well,1,tr00083,fallback,,pf:gbdt_expected_gain_below_margin;beam:gbdt_expected_gain_below_margin;pf_beam_mean:gbdt_expected_gain_below_margin,0.0001657064743054604,0.08462501558113242,-1.9912197101474947,,0,False
unseen_well,1,tr000ec,fallback,,pf:pseudo_holdout_not_improved;beam:pseudo_holdout_not_improved;pf_beam_mean:pseudo_holdout_not_improved,0.0032712456041446517,0.1145961384754143,2.3395174272201267,,0,False
unseen_well,1,tr0005b,fallback,,pf:gbdt_expected_gain_below_margin;beam:gbdt_expected_gain_below_margin;pf_beam_mean:gbdt_expected_gain_below_margin,0.022048632377766667,0.3634834702678723,-2.6033054884482043,,0,False
unseen_well,1,tr00097,fallback,,pf:pseudo_holdout_not_improved;beam:pseudo_holdout_not_improved;pf_beam_mean:pseudo_holdout_not_improved,0.1235441271371066,0.053316745655955414,-4.52518773102372,,0,False
unseen_well,1,tr000c6,fallback,,pf:pseudo_holdout_not_improved;beam:pseudo_holdout_not_improved;pf_beam_mean:pseudo_holdout_not_improved,0.004406108311510366,0.3012928965602566,-1.223471788281854,,0,False
unseen_well,1,tr000b9,fallback,,pf:pseudo_holdout_not_improved;beam:pseudo_holdout_not_improved;pf_beam_mean:pseudo_holdout_not_improved,0.12681902154735003,0.2528053455585544,-0.4089674258777527,,0,False
unseen_well,1,tr0000a,applied_beam,beam,all_rules_passed,1.2153471856528956e-05,0.3052486814051068,0.42974542699613083,2.2803472408128225,3,False
unseen_well,1,tr00094,fallback,,pf:worst_tail_risk_increased;beam:worst_tail_risk_increased;pf_beam_mean:worst_tail_risk_increased,0.01582836864160952,0.06391135573286263,1.8587780890175971,,0,False
unseen_well,1,tr00062,applied_beam,beam,all_rules_passed,1.3715175470259304e-05,0.2552631417579034,1.4779375058416409,0.40950549937082004,3,False
unseen_well,1,tr0002a,applied_beam,beam,all_rules_passed,2.8989717924952912e-05,0.09958188409450097,0.33790537896402617,0.8959142074167694,3,False
unseen_well,1,tr00035,applied_beam,beam,all_rules_passed,1.3815403146341238e-05,0.3242797043384343,0.019690082962439744,0.2557440957457419,2,False
unseen_well,1,tr00009,applied_beam,beam,all_rules_passed,1.244976274206393e-05,0.1443619081923327,1.1293466250717348,0.6802084932378818,3,False
unseen_well,1,tr0007a,fallback,,pf:gbdt_expected_gain_below_margin;beam:gbdt_expected_gain_below_margin;pf_beam_mean:gbdt_expected_gain_below_margin,0.003335087655496256,0.046871785651654285,-1.8020319820253845,,0,False
unseen_well,1,tr000a7,applied_beam,beam,all_rules_passed,1.0341838692680707e-05,0.126533605031606,0.20740126961766855,3.7434167286049522,3,False
unseen_well,1,tr0002b,fallback,,pf:gbdt_expected_gain_below_margin;beam:gbdt_expected_gain_below_margin;pf_beam_mean:gbdt_expected_gain_below_margin,0.12676824581295595,0.42692219929997804,-2.290415114566883,,0,False
unseen_well,1,tr000dd,fallback,,pf:pseudo_holdout_not_improved;beam:pseudo_holdout_not_improved;pf_beam_mean:pseudo_holdout_not_improved,0.026437730321589543,0.10201979060488338,-6.50558156414805,,0,False
unseen_well,1,tr0007b,applied_beam,beam,all_rules_passed,8.46405728628284e-06,0.41143878710412346,0.7073090223145352,1.1892503075767311,3,False
unseen_well,1,tr00082,fallback,,pf:pseudo_holdout_not_improved;beam:pseudo_holdout_not_improved;pf_beam_mean:pseudo_holdout_not_improved,0.062402186197218414,0.1322893232017009,-2.651520173548385,,0,False
unseen_well,1,tr000ce,fallback,,pf:pseudo_holdout_not_improved;beam:gbdt_expected_gain_below_margin;pf_beam_mean:pseudo_holdout_not_improved,0.00435417622795792,0.09968802375583995,-0.06020922351239375,,0,False
unseen_well,1,tr00030,applied_beam,beam,all_rules_passed,1.7804981808250447e-05,0.3528657503920405,0.23723985206766196,1.6527639657519497,3,False
unseen_well,1,tr00098,fallback,,pf:pseudo_holdout_not_improved;beam:pseudo_holdout_not_improved;pf_beam_mean:pseudo_holdout_not_improved,0.03291712535319303,0.33438306313084143,-0.9066035435657754,,0,False
unseen_well,1,tr00089,applied_beam,beam,all_rules_passed,1.2105478164281025e-05,0.10008852706440603,1.179539812272412,0.521995935585847,3,False
unseen_well,1,tr00088,applied_pf_beam_mean,pf_beam_mean,all_rules_passed,0.03631507674825999,0.049666704332872055,1.0449676062439623,0.2030389507006653,2,False
unseen_well,1,tr00013,applied_beam,beam,all_rules_passed,1.693741120157916e-05,0.16913589142072122,0.5931724408124348,2.2246606908521396,3,False
unseen_well,1,tr00004,fallback,,pf:pseudo_holdout_not_improved;beam:pseudo_holdout_not_improved;pf_beam_mean:pseudo_holdout_not_improved,0.01882499143538638,0.025081358114234766,-1.678642325723813,,0,False
unseen_well,1,tr00055,applied_beam,beam,all_rules_passed,1.266728413379909e-05,0.1309176978075035,0.32520018738540785,0.026482302522886858,1,False
unseen_well,1,tr0009e,fallback,,pf:gbdt_expected_gain_below_margin;beam:gbdt_expected_gain_below_margin;pf_beam_mean:gbdt_expected_gain_below_margin,0.019914724992922773,0.04503685390101315,-0.09163390183479572,,0,False
unseen_well,1,tr000de,fallback,,pf:pseudo_holdout_not_improved;beam:pseudo_holdout_not_improved;pf_beam_mean:pseudo_holdout_not_improved,0.0025839484364347065,0.2844400314225449,0.9807685549256098,,0,False
unseen_well,1,tr000e9,applied_pf,pf,all_rules_passed,0.031673213441130846,0.6798409556456494,1.3337949840921084,0.4007254762547759,3,False
unseen_well,1,tr000ba,applied_beam,beam,all_rules_passed,1.2595334844465866e-05,0.049694234828419566,1.177517999612634,0.4022289933944583,3,False
unseen_well,1,tr0002d,fallback,,pf:gbdt_expected_gain_below_margin;beam:gbdt_expected_gain_below_margin;pf_beam_mean:gbdt_expected_gain_below_margin,0.1767327413896862,0.1180137419314408,-0.2401698975298512,,0,False
unseen_well,1,tr00033,fallback,,pf:gbdt_expected_gain_below_margin;beam:gbdt_expected_gain_below_margin;pf_beam_mean:gbdt_expected_gain_below_margin,0.08561181250304734,0.21879583028041566,-0.2157503460961498,,0,False
unseen_well,1,tr000eb,applied_pf,pf,all_rules_passed,0.02044214007047526,0.20883954852908468,3.0644809064737966,0.923497008174237,3,False
unseen_well,1,tr0000c,applied_beam,beam,all_rules_passed,1.1013408869275465e-05,0.1494423030748411,1.0109875189798676,1.212557109966851,3,False
unseen_well,1,tr0000e,applied_beam,beam,all_rules_passed,1.930973154862487e-05,0.4350082593412554,0.6096680229867756,0.8417864949067595,3,False
unseen_well,1,tr00073,applied_beam,beam,all_rules_passed,1.9293930411665277e-06,0.22450884102912388,1.9780832750570438,1.1051364206759444,3,False
unseen_well,1,tr0004d,applied_beam,beam,all_rules_passed,6.82197900269836e-06,0.18530559374345282,2.143374314598234,2.44515356927021,3,False
unseen_well,1,tr00045,fallback,,pf:pseudo_holdout_not_improved;beam:pseudo_holdout_not_improved;pf_beam_mean:pseudo_holdout_not_improved,0.021161071649922227,0.44310775243325545,0.4638429180577508,,0,False
unseen_well,1,tr00078,applied_beam,beam,all_rules_passed,1.607774927254174e-05,0.021054067036943812,0.1580991629023665,2.649250215218009,3,False
unseen_well,1,tr000b8,fallback,,pf:pseudo_holdout_not_improved;beam:pseudo_holdout_not_improved;pf_beam_mean:pseudo_holdout_not_improved,0.03132754423128922,0.4961293814577903,1.066618240990319,,0,False
unseen_well,2,tr00075,applied_beam,beam,all_rules_passed,1.931374955474932e-05,0.2120679606287173,0.4088428863969377,1.3511060608030214,3,False
unseen_well,2,tr000c7,fallback,,pf:candidate_unavailable:partial_missing_or_invalid_horizontal_gr;beam:candidate_unavailable:partial_missing_or_invalid_horizontal_gr;pf_beam_mean:candidate_unavailable:no_pf_or_beam_track,0.0,,0.2773943172081491,,0,False
unseen_well,2,tr00047,fallback,,pf:gbdt_expected_gain_below_margin;beam:gbdt_expected_gain_below_margin;pf_beam_mean:gbdt_expected_gain_below_margin,0.004455394363605018,0.07952929214744923,-0.6257805741562285,,0,False
unseen_well,2,tr00006,applied_beam,beam,all_rules_passed,1.9021970309089935e-05,0.11760808162270024,0.19011076799150245,0.524375065667446,1,False
unseen_well,2,tr00054,fallback,,pf:candidate_unavailable:partial_missing_or_invalid_horizontal_gr;beam:candidate_unavailable:partial_missing_or_invalid_horizontal_gr;pf_beam_mean:candidate_unavailable:no_pf_or_beam_track,0.0,,0.30071655513212314,,0,False
unseen_well,2,tr000d7,fallback,,pf:gbdt_expected_gain_below_margin;beam:gbdt_expected_gain_below_margin;pf_beam_mean:gbdt_expected_gain_below_margin,0.0005704094768678295,0.11690116896729644,-7.674332776502909,,0,False
unseen_well,2,tr00044,fallback,,pf:pseudo_holdout_not_improved;beam:pseudo_holdout_not_improved;pf_beam_mean:pseudo_holdout_not_improved,0.0575639187142605,0.1819498620601871,-1.356921507749918,,0,False
unseen_well,2,tr00041,fallback,,pf:gbdt_expected_gain_below_margin;beam:gbdt_expected_gain_below_margin;pf_beam_mean:gbdt_expected_gain_below_margin,0.06669044730824794,0.06407163082486948,-0.24359525891209957,,0,False
unseen_well,2,tr0006a,fallback,,pf:pseudo_holdout_not_improved;beam:pseudo_holdout_not_improved;pf_beam_mean:pseudo_holdout_not_improved,0.041106675733158814,0.3866767039488447,-0.525765945498032,,0,False
unseen_well,2,tr0000d,applied_beam,beam,all_rules_passed,1.1295016039502433e-05,0.04423135248187716,1.0724899979374825,0.2102310567481835,3,False
unseen_well,2,tr0004b,applied_beam,beam,all_rules_passed,1.1653504751089416e-05,0.09390994832665873,1.2669098042782854,1.2128915794290736,3,False
unseen_well,2,tr0005e,fallback,,pf:pseudo_holdout_not_improved;beam:pseudo_holdout_not_improved;pf_beam_mean:pseudo_holdout_not_improved,0.0014569552149265462,0.21541905219336324,-2.6703947452459236,,0,False
unseen_well,2,tr0003c,fallback,,pf:pseudo_holdout_not_improved;beam:pseudo_holdout_not_improved;pf_beam_mean:pseudo_holdout_not_improved,0.07002143412326649,0.5293228044468848,0.08225780166811814,,0,False
unseen_well,2,tr000d1,fallback,,pf:gbdt_expected_gain_below_margin;beam:gbdt_expected_gain_below_margin;pf_beam_mean:gbdt_expected_gain_below_margin,0.006097775292820103,0.09160554493734786,-0.4938639662871725,,0,False
unseen_well,2,tr000b7,fallback,,pf:candidate_unavailable:partial_missing_or_invalid_horizontal_gr;beam:candidate_unavailable:partial_missing_or_invalid_horizontal_gr;pf_beam_mean:candidate_unavailable:no_pf_or_beam_track,0.0,,0.936853721490066,,0,False
unseen_well,2,tr000b5,applied_beam,beam,all_rules_passed,4.689296871148466e-07,0.25934911831632124,0.40113377256574423,1.1263874723108924,3,False
unseen_well,2,tr0005c,fallback,,pf:pseudo_holdout_not_improved;beam:pseudo_holdout_not_improved;pf_beam_mean:pseudo_holdout_not_improved,0.11073127023308127,0.08971907852612136,-2.092593782465969,,0,False
unseen_well,2,tr000d3,fallback,,pf:pseudo_holdout_not_improved;beam:pseudo_holdout_not_improved;pf_beam_mean:pseudo_holdout_not_improved,0.0060417684756844505,0.2668226276309629,1.1584218625878018,,0,False
unseen_well,2,tr0009d,fallback,,pf:pseudo_holdout_not_improved;beam:pseudo_holdout_not_improved;pf_beam_mean:pseudo_holdout_not_improved,0.01121618342792115,0.1413761271094882,2.467587219044648,,0,False
unseen_well,2,tr00066,applied_pf,pf,all_rules_passed,0.11212004610962206,0.18503675343224374,0.9377717221065238,1.3364097283069294,3,False
unseen_well,2,tr00057,applied_beam,beam,all_rules_passed,1.4382656694326944e-05,0.04215384721860117,2.0741175162764756,2.7763241206095923,3,False
unseen_well,2,tr0007c,applied_pf,pf,all_rules_passed,0.0009742744153902719,0.05409839423401366,1.0788917137053213,0.10918734808486563,1,False
unseen_well,2,tr00084,fallback,,pf:candidate_unavailable:partial_missing_or_invalid_horizontal_gr;beam:candidate_unavailable:partial_missing_or_invalid_horizontal_gr;pf_beam_mean:candidate_unavailable:no_pf_or_beam_track,0.0,,1.5849421115474904,,0,False
unseen_well,2,tr0006e,fallback,,pf:pseudo_holdout_not_improved;beam:pseudo_holdout_not_improved;pf_beam_mean:pseudo_holdout_not_improved,0.022054057394382272,0.040440924347140965,0.8416970683299129,,0,False
unseen_well,2,tr000a0,applied_beam,beam,all_rules_passed,1.0145814674210706e-05,0.0290228683881347,0.8261043416711779,4.003606926251011,3,False
unseen_well,2,tr00001,applied_beam,beam,all_rules_passed,9.087957438811848e-06,0.06528167150897027,0.7657503138847553,0.7186906928158667,3,False
unseen_well,2,tr000c2,applied_beam,beam,all_rules_passed,6.7149434983801635e-06,0.19318164945627572,1.2776575378454011,1.6410980121518042,3,False
unseen_well,2,tr000c4,applied_beam,beam,all_rules_passed,2.458668245570973e-06,0.04971302440720718,0.5495687761013591,2.3930856599532158,3,False
unseen_well,2,tr000a5,fallback,,pf:gbdt_expected_gain_below_margin;beam:gbdt_expected_gain_below_margin;pf_beam_mean:gbdt_expected_gain_below_margin,0.0059515774087761765,0.08716237905081649,-1.4478266100642532,,0,False
unseen_well,2,tr00022,fallback,,pf:gbdt_expected_gain_below_margin;beam:gbdt_expected_gain_below_margin;pf_beam_mean:gbdt_expected_gain_below_margin,0.01094380302760928,0.25567796518339864,-0.14528096206596725,,0,False
unseen_well,2,tr00028,applied_beam,beam,all_rules_passed,9.89952332751481e-06,0.3118515673671903,0.6128014526428929,3.9780335374045355,3,False
unseen_well,2,tr000b3,applied_beam,beam,all_rules_passed,1.2422343653107411e-05,0.14174748726045544,1.0265388300811444,2.1352933903758733,3,False
unseen_well,2,tr000cb,fallback,,pf:pseudo_holdout_not_improved;beam:pseudo_holdout_not_improved;pf_beam_mean:pseudo_holdout_not_improved,0.009612229454319447,0.21618203566809002,0.8699482968512975,,0,False
unseen_well,2,tr00003,applied_beam,beam,all_rules_passed,1.2999144692665827e-05,0.22639110663801873,0.9501965704784651,0.445872743519609,2,False
unseen_well,2,tr00042,fallback,,pf:pseudo_holdout_not_improved;beam:pseudo_holdout_not_improved;pf_beam_mean:pseudo_holdout_not_improved,0.003636782540861359,0.07782423241799483,-0.6573330694573615,,0,False
unseen_well,2,tr0009c,fallback,,pf:gbdt_expected_gain_below_margin;beam:gbdt_expected_gain_below_margin;pf_beam_mean:gbdt_expected_gain_below_margin,0.0038146907470821335,0.2824577393372437,-0.07235924523687212,,0,False
unseen_well,2,tr00018,applied_beam,beam,all_rules_passed,2.9955589027193757e-05,0.29765410707314877,0.14917659813483877,0.23739890095784696,1,False
unseen_well,2,tr000af,applied_pf,pf,all_rules_passed,0.08343264495125152,0.1613991771592802,0.6296476561240352,5.668150969306695,3,False
unseen_well,2,tr00056,fallback,,pf:pseudo_holdout_not_improved;beam:pseudo_holdout_not_improved;pf_beam_mean:pseudo_holdout_not_improved,0.01795354057203014,0.045570624816908926,-1.1881258098164453,,0,False
unseen_well,2,tr00065,fallback,,pf:pseudo_holdout_not_improved;beam:pseudo_holdout_not_improved;pf_beam_mean:pseudo_holdout_not_improved,0.07390520194410144,0.1368739559209062,0.6975135792816756,,0,False
unseen_well,2,tr000a8,applied_beam,beam,all_rules_passed,9.996279315708919e-07,0.029032095118660534,2.016091233949211,3.5388392771195343,3,False
unseen_well,2,tr00020,fallback,,pf:candidate_unavailable:partial_missing_or_invalid_horizontal_gr;beam:candidate_unavailable:partial_missing_or_invalid_horizontal_gr;pf_beam_mean:candidate_unavailable:no_pf_or_beam_track,0.0,,0.38456902115232505,,0,False
unseen_well,2,tr00049,fallback,,pf:pseudo_holdout_not_improved;beam:pseudo_holdout_not_improved;pf_beam_mean:pseudo_holdout_not_improved,0.09576672525195275,0.2966257360669903,-0.5449072699198482,,0,False
unseen_well,2,tr0001f,fallback,,pf:pseudo_holdout_not_improved;beam:pseudo_holdout_not_improved;pf_beam_mean:pseudo_holdout_not_improved,0.0077869551018385375,0.1498180744216032,0.9761100014507961,,0,False
unseen_well,2,tr0004c,fallback,,pf:pseudo_holdout_not_improved;beam:pseudo_holdout_not_improved;pf_beam_mean:pseudo_holdout_not_improved,0.0363311950682514,0.19287878756344304,0.19264632228953354,,0,False
unseen_well,2,tr00071,fallback,,pf:pseudo_holdout_not_improved;beam:pseudo_holdout_not_improved;pf_beam_mean:pseudo_holdout_not_improved,0.0021234751061792894,0.048316448437926804,-1.5548083400592432,,0,False
unseen_well,2,tr0003b,fallback,,pf:candidate_unavailable:partial_missing_or_invalid_horizontal_gr;beam:candidate_unavailable:partial_missing_or_invalid_horizontal_gr;pf_beam_mean:candidate_unavailable:no_pf_or_beam_track,0.0,,1.8077781987576516,,0,False
unseen_well,2,tr00021,fallback,,pf:pseudo_holdout_not_improved;beam:pseudo_holdout_not_improved;pf_beam_mean:pseudo_holdout_not_improved,0.04828721082338173,0.2982704076644917,0.016578827195555347,,0,False
unseen_well,3,tr000ed,applied_beam,beam,all_rules_passed,9.758056732142667e-06,0.026392687149990032,0.533216880709264,2.378960155786398,3,False
unseen_well,3,tr00029,fallback,,pf:pseudo_holdout_not_improved;beam:pseudo_holdout_not_improved;pf_beam_mean:pseudo_holdout_not_improved,0.09011068130122579,0.09215644472765172,0.7602330705714944,,0,False
unseen_well,3,tr0008a,applied_beam,beam,all_rules_passed,1.5561359017874334e-05,0.25456534014267806,0.5796465815850935,0.8492404476792723,3,False
unseen_well,3,tr000cd,fallback,,pf:gbdt_expected_gain_below_margin;beam:gbdt_expected_gain_below_margin;pf_beam_mean:gbdt_expected_gain_below_margin,0.11376072897924867,0.03575205265392018,-0.22024194211790074,,0,False
unseen_well,3,tr000d8,applied_beam,beam,all_rules_passed,1.3946788215350589e-05,0.12906820937297062,0.42707246748512573,0.3513192065584533,3,False
unseen_well,3,tr00019,fallback,,pf:candidate_unavailable:partial_missing_or_invalid_horizontal_gr;beam:candidate_unavailable:partial_missing_or_invalid_horizontal_gr;pf_beam_mean:candidate_unavailable:no_pf_or_beam_track,0.0,,1.4126691376294294,,0,False
unseen_well,3,tr0004a,fallback,,pf:pseudo_holdout_not_improved;beam:pseudo_holdout_not_improved;pf_beam_mean:pseudo_holdout_not_improved,0.1108169143247313,0.3961414336797927,0.6722415242407479,,0,False
unseen_well,3,tr00077,fallback,,pf:gbdt_expected_gain_below_margin;beam:gbdt_expected_gain_below_margin;pf_beam_mean:gbdt_expected_gain_below_margin,0.004363713539609043,0.27226728737139944,-0.551375532876234,,0,False
unseen_well,3,tr0007e,fallback,,pf:pseudo_holdout_not_improved;beam:pseudo_holdout_not_improved;pf_beam_mean:pseudo_holdout_not_improved,0.008202431440388649,0.0519235762853641,0.7594310526353245,,0,False
unseen_well,3,tr00059,fallback,,pf:pseudo_holdout_not_improved;beam:pseudo_holdout_not_improved;pf_beam_mean:pseudo_holdout_not_improved,0.08365832057934085,0.12731884815568353,-0.8414636774814269,,0,False
unseen_well,3,tr000a1,applied_pf,pf,all_rules_passed,0.008954801587511396,0.22909136360968962,0.7731205948676075,2.3825990146095286,3,False
unseen_well,3,tr000aa,fallback,,pf:pseudo_holdout_not_improved;beam:pseudo_holdout_not_improved;pf_beam_mean:pseudo_holdout_not_improved,0.015086300649258018,0.09888783065980512,-2.5329366587813644,,0,False
unseen_well,3,tr00053,fallback,,pf:pseudo_holdout_not_improved;beam:pseudo_holdout_not_improved;pf_beam_mean:pseudo_holdout_not_improved,0.0845640330802527,0.1443161332476464,0.4896288751456399,,0,False
unseen_well,3,tr00096,applied_beam,beam,all_rules_passed,1.0072669484802251e-05,0.4030392750054543,0.8897040989624246,0.9605873240028442,3,False
unseen_well,3,tr0006d,applied_beam,beam,all_rules_passed,1.2152653857596303e-05,0.10618726367882134,0.1826533756138153,3.0778851919846217,3,False
unseen_well,3,tr0006f,applied_beam,beam,all_rules_passed,2.565419143495301e-06,0.03507200814363995,0.2653281618783394,0.012088538890533629,1,False
unseen_well,3,tr0000f,applied_beam,beam,all_rules_passed,1.3195924884079874e-05,0.07108588027382048,0.8884626834550776,3.155314698259651,3,False
unseen_well,3,tr000b1,fallback,,pf:candidate_unavailable:partial_missing_or_invalid_horizontal_gr;beam:candidate_unavailable:partial_missing_or_invalid_horizontal_gr;pf_beam_mean:candidate_unavailable:no_pf_or_beam_track,0.0,,-1.4456527341935541,,0,False
unseen_well,3,tr00032,fallback,,pf:pseudo_holdout_not_improved;beam:pseudo_holdout_not_improved;pf_beam_mean:pseudo_holdout_not_improved,0.006650968721790889,0.17648932903718634,0.3404167754940982,,0,False
unseen_well,3,tr0001c,fallback,,pf:pseudo_holdout_not_improved;beam:pseudo_holdout_not_improved;pf_beam_mean:pseudo_holdout_not_improved,0.003950726507846564,0.2801018130710141,0.4077753583221442,,0,False
unseen_well,3,tr00012,fallback,,pf:pseudo_holdout_not_improved;beam:pseudo_holdout_not_improved;pf_beam_mean:pseudo_holdout_not_improved,0.0038037531493523152,0.5908209322760326,-1.654286447887273,,0,False
unseen_well,3,tr00010,fallback,,pf:pseudo_holdout_not_improved;beam:pseudo_holdout_not_improved;pf_beam_mean:pseudo_holdout_not_improved,0.15444735400807771,0.09668492655424003,-3.4105072744696883,,0,False
unseen_well,3,tr00008,fallback,,pf:gbdt_expected_gain_below_margin;beam:gbdt_expected_gain_below_margin;pf_beam_mean:gbdt_expected_gain_below_margin,0.0038472814473399543,0.1841806125221231,-1.087895961925738,,0,False
unseen_well,3,tr00052,fallback,,pf:pseudo_holdout_not_improved;beam:pseudo_holdout_not_improved;pf_beam_mean:pseudo_holdout_not_improved,0.08031687927727,0.493284217404934,0.9345002472968749,,0,False
unseen_well,3,tr000e4,fallback,,pf:pseudo_holdout_not_improved;beam:pseudo_holdout_not_improved;pf_beam_mean:pseudo_holdout_not_improved,0.04960373938138987,0.14593516585057234,-1.050578952436135,,0,False
unseen_well,3,tr000b4,applied_beam,beam,all_rules_passed,8.235085406526123e-06,0.07032234093686632,0.844300159604706,1.999136163798524,3,False
unseen_well,3,tr00070,applied_beam,beam,all_rules_passed,1.2696387161485099e-05,0.4795185063486258,1.6978467583383738,0.8030708910585871,3,False
unseen_well,3,tr00058,fallback,,pf:pseudo_holdout_not_improved;beam:pseudo_holdout_not_improved;pf_beam_mean:pseudo_holdout_not_improved,0.010058578161602109,0.2126001476354848,2.1810294092146245,,0,False
unseen_well,3,tr00026,fallback,,pf:worst_tail_risk_increased;beam:gbdt_expected_gain_below_margin;pf_beam_mean:gbdt_expected_gain_below_margin,0.05124585675256236,0.685923458060112,-3.523610618246024,,0,False
unseen_well,3,tr0001b,fallback,,pf:pseudo_holdout_not_improved;beam:pseudo_holdout_not_improved;pf_beam_mean:pseudo_holdout_not_improved,0.006567797706149634,0.030957973238435795,-0.11820746386724214,,0,False
unseen_well,3,tr0009f,fallback,,pf:candidate_unavailable:partial_missing_or_invalid_horizontal_gr;beam:candidate_unavailable:partial_missing_or_invalid_horizontal_gr;pf_beam_mean:candidate_unavailable:no_pf_or_beam_track,0.0,,1.6622863919494366,,0,False
unseen_well,3,tr000b2,applied_beam,beam,all_rules_passed,1.9887751519874974e-05,0.329687370100851,0.9369838732249661,0.18521912400297555,3,False
unseen_well,3,tr00051,applied_beam,beam,all_rules_passed,1.8915126790656815e-05,0.18894750170518207,1.4224502631825504,0.6758332828721161,3,False
unseen_well,3,tr000ad,fallback,,pf:candidate_unavailable:partial_missing_or_invalid_horizontal_gr;beam:candidate_unavailable:partial_missing_or_invalid_horizontal_gr;pf_beam_mean:candidate_unavailable:no_pf_or_beam_track,0.0,,0.7458266938202182,,0,False
unseen_well,3,tr000a3,fallback,,pf:gbdt_expected_gain_below_margin;beam:gbdt_expected_gain_below_margin;pf_beam_mean:gbdt_expected_gain_below_margin,0.0034005509816272057,0.28143412459295514,-0.381777260258012,,0,False
unseen_well,3,tr00092,applied_beam,beam,all_rules_passed,1.5427017937243929e-06,0.5186155417451498,1.9101561680840407,0.4931142485416612,2,False
unseen_well,3,tr000e8,fallback,,pf:pseudo_holdout_not_improved;beam:pseudo_holdout_not_improved;pf_beam_mean:pseudo_holdout_not_improved,0.01856167291133172,0.103383293612247,0.07744693812458636,,0,False
unseen_well,3,tr00080,fallback,,pf:gbdt_expected_gain_below_margin;beam:gbdt_expected_gain_below_margin;pf_beam_mean:gbdt_expected_gain_below_margin,0.004018434962841645,0.03809373866764616,-0.02883704354039867,,0,False
unseen_well,3,tr0003f,fallback,,pf:pseudo_holdout_not_improved;beam:pseudo_holdout_not_improved;pf_beam_mean:pseudo_holdout_not_improved,0.005350854652514761,0.34642459323712355,-5.608806870292819,,0,False
unseen_well,3,tr00031,applied_beam,beam,all_rules_passed,1.3697209947229733e-05,0.036155894158832316,0.7705689942463654,2.080203749540822,3,False
unseen_well,3,tr00060,fallback,,pf:pseudo_holdout_not_improved;beam:gbdt_expected_gain_below_margin;pf_beam_mean:pseudo_holdout_not_improved,0.0019856760474557997,0.11223123850442013,-2.9176782959021104,,0,False
unseen_well,3,tr00038,fallback,,pf:pseudo_holdout_not_improved;beam:pseudo_holdout_not_improved;pf_beam_mean:pseudo_holdout_not_improved,0.0047033713500866684,0.20358230041948913,0.07690359046922556,,0,False
unseen_well,3,tr000a6,fallback,,pf:pseudo_holdout_not_improved;beam:pseudo_holdout_not_improved;pf_beam_mean:pseudo_holdout_not_improved,0.005084669508021756,0.29049865194938934,1.0269732622811572,,0,False
unseen_well,3,tr000e0,applied_beam,beam,all_rules_passed,1.5230020304349105e-05,0.18556117318242835,1.6859061144713618,0.4088985457696972,3,False
unseen_well,3,tr00007,applied_beam,beam,all_rules_passed,1.8888068626891604e-05,0.10088259442350202,1.1961527161668917,1.7756365853755387,3,False
unseen_well,3,tr0007f,applied_beam,beam,all_rules_passed,1.0006898314989901e-05,0.05070560820697263,2.083507719896219,4.506622615154287,3,False
unseen_well,3,tr000b6,fallback,,pf:gbdt_expected_gain_below_margin;beam:pseudo_holdout_not_improved;pf_beam_mean:gbdt_expected_gain_below_margin,0.17017333507118954,0.3084015029082201,-2.582375863899754,,0,False
unseen_well,3,tr000cf,applied_beam,beam,all_rules_passed,1.055774038011464e-06,0.07624798968757661,0.40483620133864784,3.4362390524934594,3,False
unseen_well,4,tr00099,applied_beam,beam,all_rules_passed,1.398471563185835e-06,0.2999870632308596,2.400900671890725,0.632849188577533,3,False
unseen_well,4,tr000e2,fallback,,pf:pseudo_holdout_not_improved;beam:pseudo_holdout_not_improved;pf_beam_mean:pseudo_holdout_not_improved,0.0050767665308516265,0.21055795581499537,0.5976596438329301,,0,False
unseen_well,4,tr00027,applied_beam,beam,all_rules_passed,1.5211031703126344e-05,0.023881170699303424,1.3490641148970552,0.8650932337858026,3,False
unseen_well,4,tr00011,applied_pf,pf,all_rules_passed,0.028063412769348157,0.02513617063084308,2.232486466071501,0.9566642523440232,1,False
unseen_well,4,tr00076,applied_beam,beam,all_rules_passed,1.0893314180706862e-05,0.07203453692088489,1.0313477679965621,0.2496933230268475,3,False
unseen_well,4,tr000c5,applied_pf,pf,all_rules_passed,0.005361631634820656,0.3219593285474458,1.1094755463279076,3.0068073935410204,3,False
unseen_well,4,tr000e7,applied_beam,beam,all_rules_passed,1.113156517961964e-05,0.057441187522708326,1.180131673254754,0.11681700720071714,1,False
unseen_well,4,tr00093,fallback,,pf:pseudo_holdout_not_improved;beam:pseudo_holdout_not_improved;pf_beam_mean:pseudo_holdout_not_improved,0.00789988468974491,0.2860754528348664,-0.29729231617679813,,0,False
unseen_well,4,tr000ca,fallback,,pf:gbdt_expected_gain_below_margin;beam:gbdt_expected_gain_below_margin;pf_beam_mean:gbdt_expected_gain_below_margin,0.007218234485905136,0.1983039645764826,-0.2713654192096287,,0,False
unseen_well,4,tr000d9,fallback,,pf:pseudo_holdout_not_improved;beam:pseudo_holdout_not_improved;pf_beam_mean:pseudo_holdout_not_improved,0.10348415191194534,0.052325980950181,1.8592094719210979,,0,False
unseen_well,4,tr00034,applied_beam,beam,all_rules_passed,9.922013127142862e-06,0.06427261608993623,1.3428725882353634,0.5059003889467609,3,False
unseen_well,4,tr000ae,fallback,,pf:gbdt_expected_gain_below_margin;beam:gbdt_expected_gain_below_margin;pf_beam_mean:gbdt_expected_gain_below_margin,0.007239351632946025,0.09000898069708585,-2.3301821476168483,,0,False
unseen_well,4,tr00095,applied_beam,beam,all_rules_passed,8.185010389288305e-06,0.2167782739969448,1.3746959928210891,3.461773887359957,3,False
unseen_well,4,tr00090,fallback,,pf:pseudo_holdout_not_improved;beam:pseudo_holdout_not_improved;pf_beam_mean:pseudo_holdout_not_improved,0.04709582691039569,0.3470928820298323,0.9031886884690168,,0,False
unseen_well,4,tr0008b,fallback,,pf:pseudo_holdout_not_improved;beam:pseudo_holdout_not_improved;pf_beam_mean:pseudo_holdout_not_improved,0.048302154437416235,0.09696784450100436,-2.3003714671369773,,0,False
unseen_well,4,tr00061,fallback,,pf:gbdt_expected_gain_below_margin;beam:gbdt_expected_gain_below_margin;pf_beam_mean:gbdt_expected_gain_below_margin,0.0032242393671482366,0.6737375918066157,-0.42249160244429634,,0,False
unseen_well,4,tr00085,fallback,,pf:gbdt_expected_gain_below_margin;beam:gbdt_expected_gain_below_margin;pf_beam_mean:gbdt_expected_gain_below_margin,0.06100808382534449,0.23663844327565148,-0.573044025923301,,0,False
unseen_well,4,tr000a2,fallback,,pf:pseudo_holdout_not_improved;beam:pseudo_holdout_not_improved;pf_beam_mean:pseudo_holdout_not_improved,0.00814755330233724,0.15844282338356638,-3.055408633898981,,0,False
unseen_well,4,tr000bd,fallback,,pf:pseudo_holdout_not_improved;beam:pseudo_holdout_not_improved;pf_beam_mean:pseudo_holdout_not_improved,0.05236015066709949,0.10121244208663803,-7.366801592966786,,0,False
unseen_well,4,tr0005a,applied_beam,beam,all_rules_passed,1.7382866666961328e-05,0.19563884256531788,0.7619250090505357,0.7542170426399855,3,False
unseen_well,4,tr00025,applied_pf,pf,all_rules_passed,0.01725687718000119,0.15447987361516108,1.3781714324161165,0.5673294393564055,3,False
unseen_well,4,tr0002f,fallback,,pf:gbdt_expected_gain_below_margin;beam:gbdt_expected_gain_below_margin;pf_beam_mean:gbdt_expected_gain_below_margin,0.0028596124681029016,0.2797883152337688,-1.2173583303205673,,0,False
unseen_well,4,tr000d5,applied_beam,beam,all_rules_passed,1.2112404227673451e-05,0.11578175463785409,1.149862559103327,0.7228893231063197,3,False
unseen_well,4,tr000e3,applied_pf,pf,all_rules_passed,0.003914642198961655,0.16333731233615584,0.29863532682484384,1.8907474863342828,3,False
unseen_well,4,tr000ea,fallback,,pf:pseudo_holdout_not_improved;beam:pseudo_holdout_not_improved;pf_beam_mean:pseudo_holdout_not_improved,0.07381818578886051,0.10082935914826197,1.0409019053542437,,0,False
unseen_well,4,tr00002,fallback,,pf:gbdt_expected_gain_below_margin;beam:gbdt_expected_gain_below_margin;pf_beam_mean:gbdt_expected_gain_below_margin,0.056136184525786226,0.1685722641214895,-0.366639566546461,,0,False
unseen_well,4,tr0000b,fallback,,pf:pseudo_holdout_not_improved;beam:pseudo_holdout_not_improved;pf_beam_mean:pseudo_holdout_not_improved,0.06703187529710977,0.2115412008805397,-2.801041076309062,,0,False
unseen_well,4,tr00087,applied_beam,beam,all_rules_passed,1.6554937046931637e-05,0.30241017731818853,1.579185910466493,2.4416267089706083,3,False
unseen_well,4,tr00037,fallback,,pf:gbdt_expected_gain_below_margin;beam:gbdt_expected_gain_below_margin;pf_beam_mean:gbdt_expected_gain_below_margin,0.0015154050313196203,0.07344390113165959,-1.428578235768079,,0,False
unseen_well,4,tr00072,fallback,,pf:gbdt_expected_gain_below_margin;beam:gbdt_expected_gain_below_margin;pf_beam_mean:gbdt_expected_gain_below_margin,0.008444073974642783,0.32961876390167194,-0.45780992555187333,,0,False
unseen_well,4,tr000d4,fallback,,pf:branch_disagreement_unacceptable;beam:branch_disagreement_unacceptable;pf_beam_mean:branch_disagreement_unacceptable,0.1662985445396572,0.7240900423194533,1.1991056827069424,,0,False
unseen_well,4,tr0006c,fallback,,pf:pseudo_holdout_not_improved;beam:pseudo_holdout_not_improved;pf_beam_mean:pseudo_holdout_not_improved,0.04950087680837749,0.15008911326059873,0.0007949350764968185,,0,False
unseen_well,4,tr0004f,fallback,,pf:pseudo_holdout_not_improved;beam:pseudo_holdout_not_improved;pf_beam_mean:pseudo_holdout_not_improved,0.1108095452070561,0.3984169244186651,0.40367486604061786,,0,False
unseen_well,4,tr000c3,fallback,,pf:gbdt_expected_gain_below_margin;beam:gbdt_expected_gain_below_margin;pf_beam_mean:gbdt_expected_gain_below_margin,0.010854007258748624,0.09462573558862858,-0.3650815286053889,,0,False
unseen_well,4,tr000dc,fallback,,pf:pseudo_holdout_not_improved;beam:pseudo_holdout_not_improved;pf_beam_mean:pseudo_holdout_not_improved,0.08077143679309062,0.023800578799959903,1.077337849937764,,0,False
unseen_well,4,tr00086,fallback,,pf:pseudo_holdout_not_improved;beam:pseudo_holdout_not_improved;pf_beam_mean:pseudo_holdout_not_improved,0.010129571137026363,0.18570899935167542,1.1836219850668683,,0,False
unseen_well,4,tr00015,applied_beam,beam,all_rules_passed,1.7782996067057255e-05,0.4100081912203063,1.000694331520127,0.5558885747452385,3,False
unseen_well,4,tr000bc,applied_beam,beam,all_rules_passed,8.490559008073407e-06,0.028895809013767024,1.8385525510435345,0.2709947644407008,1,False
unseen_well,4,tr0007d,fallback,,pf:pseudo_holdout_not_improved;beam:pseudo_holdout_not_improved;pf_beam_mean:pseudo_holdout_not_improved,0.16730515857326356,0.19787260242569496,0.9669842648964462,,0,False
unseen_well,4,tr000d2,fallback,,pf:pseudo_holdout_not_improved;beam:pseudo_holdout_not_improved;pf_beam_mean:pseudo_holdout_not_improved,0.003975930616627961,0.17574622415203262,0.17832385995005792,,0,False
unseen_well,4,tr000db,applied_beam,beam,all_rules_passed,1.600325102866828e-05,0.06946541425791757,1.045241957559941,1.8163500226153133,3,False
unseen_well,4,tr0002e,applied_beam,beam,all_rules_passed,3.0175529497431816e-06,0.3611859962176848,0.8946657665281877,0.15676747884099895,3,False
unseen_well,4,tr000df,fallback,,pf:pseudo_holdout_not_improved;beam:pseudo_holdout_not_improved;pf_beam_mean:pseudo_holdout_not_improved,0.0103334240558598,0.386314244087628,1.0456389806230129,,0,False
unseen_well,4,tr00068,fallback,,pf:pseudo_holdout_not_improved;beam:gbdt_expected_gain_below_margin;pf_beam_mean:worst_tail_risk_increased,0.00379957967320684,0.051589993483427625,-0.3357841409775296,,0,False
unseen_well,4,tr000bf,fallback,,pf:pseudo_holdout_not_improved;beam:pseudo_holdout_not_improved;pf_beam_mean:pseudo_holdout_not_improved,0.012394222932953954,0.3112341810697663,-0.33681704511961286,,0,False
unseen_well,4,tr00079,fallback,,pf:pseudo_holdout_not_improved;beam:pseudo_holdout_not_improved;pf_beam_mean:pseudo_holdout_not_improved,0.024392008503209568,0.20350899581892962,-2.252470336119369,,0,False
unseen_well,4,tr0001d,fallback,,pf:gbdt_expected_gain_below_margin;beam:gbdt_expected_gain_below_margin;pf_beam_mean:gbdt_expected_gain_below_margin,0.012301047758062369,0.2879870078554196,-0.5647918819785281,,0,False
unseen_well,4,tr0005f,fallback,,pf:pseudo_holdout_not_improved;beam:pseudo_holdout_not_improved;pf_beam_mean:pseudo_holdout_not_improved,0.07278016564280046,0.08058612361600058,1.5927835761362878,,0,False
