protocol,well_id,prefix_len,suffix_len,tvt_plus_z_std,tvt_plus_z_r2,tvt_plus_z_residual_sigma,tvt_minus_z_std,tvt_minus_z_r2,tvt_minus_z_residual_sigma,z_increases_with_md,z_std_prefix,tvt_std_prefix,z_over_tvt_scale,z_plane_r2,z_nonplanar_sigma_ft,z_nonplanarity_over_tvt_std,empirical_dtvt_dz,assumed_dtvt_dz,dtvt_dz_error,z_span_predicted_ft,z_step_from_anchor_ft,implied_z_coefficient_error_ft,convention_flatter,convention_r2_margin,xy_singular_ratio,along_span_ft,perp_span_ft,heading_deg,gram_lambda_perp,gram_lambda_along,ridge_shrinkage_perp,cross_track_dip_sigma,hidden_perp_lever_kft,unidentified_dip_tvt_ft,extrapolation_ratio,has_typewell,gr_missing_frac,md_step_ft,window_ft,tvt_rate_per_ft,dtvt_per_window,search_ft,typewell_span_ft,typewell_gr_wavelength_ft,typewell_step_ft,cycles_per_window,gr_gain_raw,gr_gain_clipped,gr_gain_applied,gr_gain_halves_ratio,prefix_gr_correlation,alignment_ok,alignment_failure_reason,dip_fit_r2,confidence_mean,confidence_p10,fallback_fraction,expected_gradient_mean,prefix_gradient_mean,observed_prefix_gradient,gradient_sign_agrees,gradient_ratio,track_move_max,typewell_clip_fraction,alignment_rmse,alignment_bias,alignment_bias_abs_share,dip_fallback_rmse,hold_last_rmse,truth_move_max
same_well_masked,tr00000,884,1529,1.084189068363681,0.9999955612634526,0.0022880888612963864,0.5548723805367609,0.9575530884652855,0.11451287917634774,False,0.8155741745135354,0.27661058039685393,2.9484561774297604,0.9950802324558484,0.05730254819154881,0.20715963976987684,0.32607980319503016,-1.0,1.32607980319503,4.2766329707089525,4.261398617884446,5.650954640539779,TVT-Z,0.04244247279816704,464.648118075541,882.9861223218181,2.0613980178960545,9.96364048678253,0.0005076842011852989,229.8740190573349,0.1969728421064282,0.1015490962259506,0.029823001931668675,0.0030284988929057326,1.7312223153392203,True,0.14865550481988837,1.0,201.0,0.006848075880398596,1.3764632519601179,12.0,279.75,70.0,0.5,0.019663760742287397,0.055017730391957724,True,0.2,2.2278089658400844,0.04975643882252001,True,,0.9999955612634526,0.5254481439190558,0.05973047453179576,0.15761935905820798,-0.0015968862079012284,-0.0008825262954521423,-0.001060541266827083,True,0.8321470583530199,2.6600000000000037,0.0,0.16902185928977004,0.03459091358524572,0.20465349115550358,0.013362467978495302,1.4944694922295392,2.432939118803848
same_well_masked,tr00001,3598,2150,0.11281505420613372,0.5171740525169803,0.07842300676049685,4.342734404427128,0.9956898245865772,0.28522781439571365,False,2.2126602683698318,2.1307672816858325,1.0384335668131748,0.9948142134099965,0.1594054588767722,0.07481129461996099,-0.9623740180625119,-1.0,0.03762598193748812,4.778064069047799,4.730019403830179,0.17797162465248262,TVT+Z,-0.47851577206959683,401.58193331922246,3596.747259208367,15.353865788702766,-17.06911294499803,0.07253655755016553,15518.078615929542,0.0013786151890492052,0.2911823312862867,0.04264687042950577,0.012418015153727691,0.597632996639553,True,0.0,1.0,201.0,0.006701665061529916,1.347034677367513,12.0,279.75,70.0,0.5,0.019243352533821614,0.5768354623766988,False,0.5768354623766988,2.2105360310894437,0.9399542727720709,True,,0.5171740525169803,0.9735752807281198,0.9603367264550681,0.0,0.0020706679205796715,0.0019155573876882752,0.0020438841962778223,True,0.9372142468622994,5.5,0.0,0.6423187622848837,0.48577668424950937,0.7562859950120152,0.5158353694798032,2.0523296654358574,3.500581623183109
same_well_masked,tr00002,2230,2369,0.4822915504037917,0.9997024832542541,0.008324490917709067,1.73697167846293,0.9826394370507316,0.22901659969725846,True,1.107191380110278,0.6316368604634381,1.752892285763565,0.9898210939654762,0.11178037740949136,0.1769693702287688,-0.5678536918321859,-1.0,0.4321463081678141,5.940025011379265,4.79984722437255,2.0742362577821267,TVT+Z,0.017063046203522503,727.1002136572029,2228.9738111575243,3.450276740471744,-164.46095151909358,0.002726663754543779,3693.9351961643447,0.03667485579523972,0.15941966465989446,0.015558617574336797,0.002480349596272313,1.0627122673421274,True,0.09156142365097589,1.0,201.0,0.006669192119157286,1.3405076159506144,12.0,279.75,70.0,0.5,0.01915010879929449,0.3885788111982452,False,0.3885788111982452,1.8651007282669319,0.8451783045472179,True,,0.9997024832542541,0.6668611839268214,0.0,0.22203461376108063,0.0008576594392340626,-0.0009037729289622287,-0.0009615570113351308,True,0.9399057136584461,4.0,0.0,0.39306496425654486,-0.051878611482586275,0.13198482744630033,0.20258392334554404,1.9395683124444991,3.1848131810497757
same_well_masked,tr00003,200,3207,0.16479764444665973,0.9999906898877714,0.0005066526781088165,0.5164852773660975,0.9384612055104634,0.12909645695368377,False,0.3386949589346987,0.1795644103595525,1.8862031638480568,0.9641501180115296,0.06461516872242257,0.35984396124510293,-0.522164259170864,-1.0,0.47783574082913605,15.086997879928091,15.08816506361756,7.209664530925985,TVT+Z,0.061529484377307986,1003.8649734574109,198.99954878999188,0.1804877835588057,-12.309887418966795,8.757295160144452e-07,2.6466907328184908,114.19050993634718,0.5414088478013074,0.05146079936372028,0.02786133209044605,16.112709649055954,True,0.14770629171992614,1.0,201.0,0.006820122791452832,1.3708446810820192,12.0,279.75,70.0,0.5,0.019583495444028844,0.014393747126136044,True,0.2,4.245307131696329,0.13175408180347914,True,,0.9999906898877714,0.7302301391101261,0.0,0.1817898347365139,0.001848927231009387,0.0024793618269231253,0.0029058934205218926,True,0.8532184316924593,6.999999999999999,0.0,0.6671271678892632,-0.326073518484299,0.48877265711718715,0.8688811901757043,4.714038883890725,7.893484566695916
same_well_masked,tr00004,3762,2203,0.335207190794915,0.8749964724672268,0.11856259427799874,2.5737917396449514,0.9901646024790731,0.2553539582704791,True,1.2411218599170923,1.3520356573509957,0.9179653311428091,0.9933861508882464,0.10097521789892279,0.07468384236016423,-1.056886187791738,-1.0,-0.05688618779173793,1.3001283354739854,1.13358023885786,0.06448505834467136,TVT+Z,-0.11516813001184634,221.6758949050399,3760.814669383509,17.717630178220332,-101.55768817885586,0.1260624986101675,17739.094652885924,0.0007932573215864735,0.3339294623208827,0.011106622282285261,0.0037088284069246523,0.585759171449458,True,0.027056807051909892,1.0,201.0,0.006813507286651088,1.3695149646168687,12.0,279.75,70.0,0.5,0.019564499494526696,0.08622890784689825,True,0.2,1.311686911361965,0.23587829928405926,True,,0.8749964724672268,0.6401764557571306,0.5112224442526908,0.009078529278256923,7.147384285844714e-05,-0.0012481462746054973,-0.0012338668486106198,True,1.0115729067613386,0.9999999999999982,0.0,1.221157270200079,0.9760322542334733,0.7992682663008316,1.554053926016511,1.515549249274672,2.7463459739201177
same_well_masked,tr00005,1455,1878,0.17327798545080442,0.9999781693461206,0.0008104476189354597,0.8630803383856765,0.970808988061036,0.1476127893534601,True,0.5170026176293573,0.34666231225690547,1.491372437527087,0.9798007652931036,0.07355435444530135,0.21217868757187394,-0.6686350460179331,-1.0,0.3313649539820669,2.9257753623383884,2.915873153388276,0.9662181732900503,TVT+Z,0.02916918128508461,282.3717052237566,1453.9532900688523,5.020622940214477,-166.0641090511371,0.007158544907902353,1025.647633607088,0.013969319363996657,0.009578832383577165,0.00968882897745188,9.28076687681569e-05,1.2915920171369153,True,0.09038572251007485,1.0,201.0,0.006779461843236412,1.3626718304905188,12.0,279.75,70.0,0.5,0.01946674043557884,0.19971462446869295,True,0.2,1.3157537407383788,0.6583310342149947,True,,0.9999781693461206,0.8184461710772984,0.22839177316557735,0.09371671991480299,-0.0011315656988193047,-0.000910155614844336,-0.0008047854449522365,True,1.1309295173676421,2.95,0.0,0.3823550900628309,-0.08307748511580981,0.21727835531667178,0.10380751250578693,1.277319093860312,2.3857693716343062
same_well_masked,tr00006,445,1877,0.5474502921468469,0.9999877838065877,0.0019199128382759929,0.6773762860730106,0.9916121320660187,0.062247892365535365,False,0.6117728689913109,0.07074026024130284,8.648156889789295,0.9974286103399864,0.03112741316968565,0.4400240126839597,-0.10629925786705775,-1.0,0.8937007421329423,10.033178336621319,10.055840347929717,8.986911981715172,TVT+Z,0.008375651740568979,1360.9614607727578,443.9982916579097,0.2828128329768925,12.812547019457279,3.964712836479478e-06,29.274566323616853,25.222507688298656,0.9642189094531841,0.03058528015452716,0.029490905475918296,4.226669560585529,True,0.13336508692545845,1.0,201.0,0.006899060047576455,1.3867110695628675,12.0,279.75,70.0,0.5,0.019810158136612393,0.02579810158853827,True,0.2,1.2775521918480353,0.044033057731997234,True,,0.9999877838065877,0.9574968620062484,0.9415954862868818,0.0,0.0010958661417682881,0.00035274118062030187,0.0004946016049653517,True,0.7131824423517842,2.549999999999997,0.0,0.36982912133978824,0.13636503578584128,0.3687244403356572,0.1697274281048525,1.0103180286188118,1.7243715538752937
same_well_masked,tr00007,2091,2683,0.18946332374406616,0.9997107746042287,0.0032244461850123238,5.052173352576501,0.7080387513618858,2.731823390720257,False,2.6040769420123726,2.4492772909255516,1.063202174641616,0.7257046233306343,1.3648182623656646,0.5572330529590288,-0.9396749980930681,-1.0,0.06032500190693191,6.241487220385748,4.501548556073422,0.27155592522927574,TVT+Z,0.291672023242343,151.99981507328886,2089.727633161427,15.482504438426101,-30.937780276871813,0.05691441452870549,3044.834039549617,0.001757024135767289,0.013515869714275784,0.012616521655514745,0.00017052326294327632,1.283829042314843,True,0.0,1.0,201.0,0.006995429773428374,1.4060813844591031,12.0,279.75,70.0,0.5,0.02008687692084433,0.3751009832753889,False,0.3751009832753889,1.3118333748754958,0.984140098164363,True,,0.9997107746042287,0.9482859611704485,0.8825532596468575,0.0,0.0006967079411300275,0.0018541459477400127,0.003211837992154037,True,0.5772850163269037,10.32,0.0,2.1714401908377936,0.9136285272004164,0.4207477281922818,0.23663233608849618,2.168984358608072,3.815780289506878
same_well_masked,tr00008,1996,1991,0.635890991257895,0.9999267308016171,0.0054471584880147845,4.044580256203621,0.944182099120157,0.9562838617680336,True,2.3322584978946397,1.7152445014678777,1.3597236405064885,0.9577501078057836,0.4797512399266428,0.27969845670170035,-0.7332695233275537,-1.0,0.2667304766724463,4.240923109005936,3.7378007158147213,0.9969853666358717,TVT+Z,0.055744631681460044,209.35726578828152,1994.8668933970607,11.365756188105951,-173.46365367155133,0.03623172498745575,2648.31171430702,0.0027600121174087707,0.028617092406519537,0.0047908347882818225,0.00013709976184062938,0.9980397271962136,True,0.07293409166945466,1.0,201.0,0.006811909117537596,1.3691937326250567,12.0,279.75,70.0,0.5,0.01955991046607224,0.6583807023411482,False,0.6583807023411482,2.425563239304551,0.9739887579890134,True,,0.9999267308016171,0.8838087443865292,0.6204310643852715,0.0,0.0008502945391221868,-0.00237080324455101,-0.002856432582575589,True,0.8299874672390495,3.96,0.0,1.5211997377567592,-1.4334241548356823,0.9422984498731801,0.21895334796003277,2.8162267842885105,3.890641006134649
same_well_masked,tr00009,2140,1473,0.9878068527291245,0.9920720513814915,0.08801507708377883,1.3103482641279474,0.9883803813765313,0.1413472294474253,False,1.1467497713592507,0.17706619578106303,6.47639017882991,0.992838740810591,0.09711090111925696,0.5484440476675267,-0.1409183355426871,-1.0,0.8590816644573129,0.933915667735647,0.7995417961912921,0.6868716970752049,TVT+Z,0.003691670004960179,494.10197564371344,2138.9430637607547,5.180827029350008,8.246254463633129,0.007233453072544194,3264.2779830317127,0.01382465594192725,1.0348662880012742,0.007755786018655009,0.00802620148765769,0.6885610873175825,True,0.10892646480534801,1.0,201.0,0.006779966105753488,1.362773187256451,12.0,279.75,70.0,0.5,0.01946818838937787,0.07958826727745642,True,0.2,1.80522830130297,0.30691219221954913,True,,0.9920720513814915,0.7568664463406326,0.6816857746063507,0.0,-0.0017305755457102025,0.00024656873362693976,0.0002581794953670863,True,0.955028335137002,3.34,0.0,0.5300950382228442,-0.4607815603247026,0.8692432999740638,0.8057256075813279,0.8590352735098031,1.291030805801494
same_well_masked,tr0000a,1799,2614,0.30550595573683986,0.9990429021005025,0.009459327855309868,4.479980358681918,0.905831711242072,1.3759126535981479,False,2.3850621805341703,2.0960098631850026,1.137905991009955,0.9168174179171927,0.6884593778682957,0.32846189799037667,-0.8779473610320623,-1.0,0.12205263896793772,7.922797319818642,7.903207165805981,0.9646072908969356,TVT+Z,0.09321119085843055,140.02548589094073,1797.7690228759902,13.349352499469607,-87.87438880654257,0.04697506791079675,1938.8385555141836,0.0021287888330442624,0.043644203272970104,0.08992390169974873,0.003924657044882415,1.4530689600991735,True,0.05464636402447702,1.0,201.0,0.006439213372225083,1.2942818878172417,12.0,279.75,70.0,0.5,0.018489741254532024,0.4898353415841241,False,0.4898353415841241,1.8140959490322224,0.965764031181691,True,,0.9990429021005025,0.9317649913058648,0.8988465038716327,0.0,0.0018291615088010086,0.003200759978200349,0.003591788859949274,True,0.8911325534445677,7.490000000000002,0.0,2.137985653585263,1.6317570872419598,0.7632217197087405,0.5696861747480756,2.2899994313535523,3.582839924635273
same_well_masked,tr0000b,1520,3148,0.08259844413391858,0.9797149337503699,0.01177576379069607,2.7104742346108495,0.997208739205626,0.1433423415878409,True,1.3961694506543716,1.3143277387283498,1.0622688767150315,0.9972130145266289,0.073779292647588,0.05613462340753121,-0.9413493285771399,-1.0,0.05865067142286007,10.042822887215081,9.967734572640328,0.5846143252502104,TVT+Z,-0.01749380545525614,513.312048558486,1518.9687444201172,3.3741461906649883,-161.30501366257226,0.0013567586167368972,1169.4145315654832,0.07370507824045168,0.31969643351027194,0.022105185035979358,0.007066948818087233,2.072259787200332,True,0.6443193449334698,1.0,201.0,0.007077818619317,1.422641542482717,12.0,279.75,70.0,0.5,0.020323450606895957,0.5988883991520073,False,0.5988883991520073,3.254185279617917,0.42974185885530397,True,,0.9797149337503699,0.0,0.0,1.0,-0.0029820594335614836,-0.0030742506952535706,-0.002990831967993807,True,1.0278914790775489,15.3,0.0,0.9246762595487553,0.7105117819290584,0.7683897738174766,0.9246762595487553,6.511059324122023,11.440962012757355
same_well_masked,tr0000c,706,2969,0.8412456809291503,0.9999294677377151,0.007080133431580736,0.22918039611918234,0.8450244131648779,0.0904136076235093,False,0.5256066387416494,0.32225244162667394,1.631040050739349,0.992193784651918,0.04653779411660881,0.14441409313051026,0.5928881265765455,-1.0,1.5928881265765455,8.476198812918199,8.468115707042465,13.48876096422429,TVT-Z,0.1549050545728372,313.06851287139307,704.9614666570092,3.034884940677256,25.052479320857586,0.00031968180367769605,117.04255990542984,0.31281104789067143,0.39598841825225317,0.048487732818705886,0.01920058062351721,4.210770120868547,True,0.636062612883805,1.0,201.0,0.007062009048439677,1.419463818736375,12.0,279.75,70.0,0.5,0.020278054553376786,0.026968918903287065,True,0.2,2.8483818012125286,0.043307070636289136,True,,0.9999294677377151,0.08317763868631213,0.0,0.86998989558774,-0.001333816334455707,-0.0016453278415136214,-0.0015620321761460128,True,1.0533251917851802,3.440000000000005,0.0,0.6187625627001129,0.4961083151825171,0.8017749377364304,0.611833614135424,3.1241718140660986,5.178193913863801
same_well_masked,tr0000d,1130,3627,0.02000015825225494,0.9991999653914642,0.000566454567503174,0.8921805192056755,0.9526269864126282,0.1944444296941784,True,0.43639770514613396,0.45579610083161093,0.9574406282763628,0.9502518584468601,0.09746488002873516,0.21383438746164818,-1.0443889404146591,-1.0,-0.04438894041465913,4.304378223444653,4.258139721524696,0.18901431037605293,TVT+Z,0.046572978978835944,316.9228552790047,1128.9682188861661,3.9286214635312255,-30.04000916776539,0.002090899102711319,480.31152694968773,0.047826315421116025,0.012387924358980687,0.08533927392338869,0.0010571764702132721,3.211452561520858,True,0.016579198473282444,1.0,201.0,0.006624718023104492,1.331568322644003,12.0,279.75,70.0,0.5,0.01902240460920004,0.24059781255199855,False,0.24059781255199855,1.7675406624532597,0.6681199205598553,True,,0.9991999653914642,0.9106193227477458,0.8433640787010851,0.0,-0.0012238200596683898,-0.0012037176866628535,-0.0013648644489543304,True,0.8819320391743393,5.300000000000001,0.0,0.39049143074049547,0.18782094914754816,0.4809860969071207,0.1865685122871573,2.5200948504255853,4.8918177658291855
same_well_masked,tr0000e,2129,3160,0.3371150412172214,0.9998552372006455,0.0040589417337083475,2.531881851263802,0.9771295087871472,0.38316636820646777,False,1.1005520134255677,1.4320689213972493,0.7685049210842274,0.969637061744605,0.19190605222847756,0.13400615665986074,-1.2996826614763746,-1.0,-0.29968266147637457,4.220363508723858,4.160840760562793,1.2469318331048402,TVT+Z,0.022725728413498292,225.65419842045122,2127.883678542348,10.085986346368495,-161.25203013989287,0.03632763900179725,3214.1140214213483,0.002752724998039445,0.021295813287592832,0.075068859670401,0.0015986524192533674,1.4845628284060717,True,0.11563498638892176,1.0,201.0,0.007174046761863728,1.4419833991346094,12.0,279.75,70.0,0.5,0.020599762844780135,0.5295482176179247,False,0.5295482176179247,2.05859322021562,0.9182176336421021,True,,0.9998552372006455,0.8286986157787382,0.14414637413720205,0.1079113924050633,0.0018667527851433249,0.0017000102484643542,0.0023091480979053115,True,0.7362066772618343,7.79,0.0,0.7507580198488161,0.16409635643784978,0.21857423044364507,0.5600154190139213,4.602110386899021,7.409476408512784
same_well_masked,tr0000f,521,2785,0.31463185282757206,0.9998479917237709,0.003890364437756487,0.30434086159683627,0.8767942567916385,0.10713459297422166,False,0.30443773215952136,0.055910183895023356,5.445121281144987,0.9689604211067925,0.05379109315523335,0.9620983049569503,0.017181922882038677,-1.0,1.0171819228820387,5.276027516565364,5.274899589761276,5.365532507723051,TVT-Z,0.12305373493213245,730.2221056347311,519.9936444592618,1.0095956622039233,-5.625800229883033,9.857789472772494e-05,47.00331982374894,1.0144262085957807,0.3918325560053582,0.05953562646914182,0.023327996692784098,5.353920909002396,True,0.10293876210802824,1.0,201.0,0.007355502838230166,1.4784560704842633,12.0,279.75,70.0,0.5,0.021120801006918048,9.601923437596412e-05,True,0.2,2.5351702305171613,-0.01141493536534396,True,,0.9998479917237709,0.6284084297910839,0.055850560470577904,0.14254937163375225,-0.0001540519836452296,0.0003574189271068981,-9.956579187444513e-05,False,-3.5897763717644313,1.0,0.0,0.7828070632973939,-0.40435263480609496,0.5165418833893155,0.8672103356251404,1.0138557118267568,1.6629754166912782
same_well_masked,tr00010,200,3115,0.059553762925345276,0.9998341805582126,0.0007726962719368183,0.45394912090171385,0.9596959405912752,0.09182553330125812,True,0.2562650703072954,0.19782932356807095,1.2953846562545484,0.9679582544373395,0.04621994060597574,0.23363543772150622,-0.7709671276805572,-1.0,0.2290328723194428,14.012421400443486,14.020733452247882,3.2112088545936297,TVT+Z,0.04013823996693744,967.664148440873,198.99863950471752,0.3041515035946174,-94.93944929357215,2.9131043775762477e-06,2.646655937885756,34.32764056439395,0.45272116026932696,0.0869972195273605,0.039385482164631995,15.646886274808539,True,0.5641234870121039,1.0,201.0,0.0068160666869800934,1.3700294040829988,12.0,279.75,70.0,0.5,0.019571848629757124,0.11722576142802431,True,0.2,4.7881100806770664,0.319180205122631,True,,0.9998341805582126,0.41908580014437286,0.0,0.4176565008025682,-0.003462374894786933,-0.0029878374649626237,-0.0033352892587162277,True,0.8958255890862851,11.5,0.0,1.6711220480205686,1.5701474992130906,0.9395767957660055,1.2882860479444964,8.140223030619165,13.613134069753041
same_well_masked,tr00011,240,3101,0.0032113650823715235,0.9665581543565614,0.0005909711060833629,0.4175468655516106,0.9737427249708465,0.06808657721744672,True,0.20721887210161546,0.21032876157047053,0.9852141502396804,0.973353625304344,0.034039237152693774,0.1618382426565515,-1.015000282889494,-1.0,-0.015000282889493954,9.6485693118318,6.609956939007375,0.09915122397248417,TVT+Z,-0.007184570614285013,403.80110358114104,238.99620059966838,0.6318106256917868,-158.30709804752013,1.5361612757391896e-05,4.579105798658125,6.509733162742352,0.15078142424967633,0.013936949273717691,0.002101433061186646,12.973398994198917,True,0.05153678981682707,1.0,201.0,0.007426579033616321,1.4927423857568805,12.0,279.75,70.0,0.5,0.021324891225098293,0.01265442155197101,True,0.2,4.244344333156487,0.10909415103746552,True,,0.9665581543565614,0.7776974596585149,0.6417044278520917,0.0,-0.00025911649216672165,-0.002914064914548183,-0.0029963164426396677,True,0.9725491183371061,6.5,0.0,0.5131447576089155,-0.2463583758785372,0.480095279598072,0.26793192008359523,3.156802957921606,6.394805406391832
same_well_masked,tr00012,2501,2878,3.1333094412211318,0.9999896755657854,0.010073886346472508,4.44052321821621,0.5589144815197,2.9509114245198793,False,1.6431474277498965,3.4739032490356236,0.47299746422300165,0.1975672371089855,1.472792236881031,0.4239589105683605,-0.9167465151985105,-1.0,0.08325348480148953,9.334730801547629,9.321494814940273,0.7760469269027935,TVT+Z,0.4410751940460854,142.6208705069679,2499.6847613766276,18.285705269705378,8.621208884901417,0.15526486057848388,5210.250803579888,0.0006440607335582646,0.025565863039869532,0.16787326687630544,0.004291824949015092,1.1490861402589228,True,0.010415405110815066,1.0,201.0,0.00642179560360745,1.2907809163250974,12.0,279.75,70.0,0.5,0.018439727376072818,0.07610333319977586,True,0.2,5.0249850603890875,0.9110049551050525,True,,0.9999896755657854,0.6216088459155492,0.4937379351189326,0.04968728283530229,-0.0012368413240983747,-0.0032059022223484713,-0.004233082042860833,True,0.7573446935089013,8.0,0.0,0.6211753752684318,0.3635624522234936,0.5852814948860222,0.5235971369785398,1.2069270381579085,2.349812582460192
same_well_masked,tr00013,3189,1983,0.31062845823634794,0.9998264728550642,0.004093825488978411,5.841782288832555,0.9987515507595226,0.20650719434513293,False,3.0759930086903897,2.7658131146337155,1.1121478137534075,0.9988875138801934,0.10264481551352628,0.03711198524963239,-0.8991463379058536,-1.0,0.10085366209414637,6.032244739443843,6.014531178731531,0.6065874951544976,TVT+Z,0.0010749220955416083,251.81420634877188,3187.8518562009363,14.138555034445698,-35.70426229721299,0.10402932098440942,10804.321930043032,0.0009612674489626508,0.012692624843596319,0.0757835230646261,0.0009618918275853279,0.6215737944724653,True,0.0,1.0,201.0,0.006910964701839939,1.3891039050698277,12.0,279.75,70.0,0.5,0.01984434150099754,1.1988130007583233,False,1.1988130007583233,1.0357463625039425,0.9890223206997523,True,,0.9998264728550642,0.9341580208646314,0.8104652857835071,0.0,0.002636855233954235,0.0029615021078172815,0.0030018085759197623,True,0.9865726054533205,4.72,0.0,0.5060327126889387,-0.4176109295519597,0.8252646895748569,0.010797280412639566,3.0779043557807544,5.217922437114991
same_well_masked,tr00014,1641,1513,0.18075962727060071,0.9917245215242269,0.016458692664497152,1.9461450728680258,0.9874947885405302,0.2178301912785105,True,1.0616682844091927,0.8848377238959646,1.1998451871317584,0.9908459406366159,0.10167005248839268,0.11490248408571085,-0.8328175989214514,-1.0,0.16718240107854865,18.79010117572161,18.79965571853748,3.1429715824751634,TVT+Z,0.004229732983696666,734.4164941455603,1639.980541298019,2.529495724680999,-159.9218600170058,0.001597993649113505,1471.623601191945,0.06257847148233381,0.4117255431862982,0.029594346980020447,0.012184748585592703,0.9223044518353759,True,0.5943861152774802,1.0,201.0,0.00695822859010331,1.3986039466107654,12.0,279.75,70.0,0.5,0.01998005638015379,0.24248326041645824,False,0.24248326041645824,1.0671962663105392,0.5156251885219502,True,,0.9917245215242269,3.844774358458239e-05,0.0,1.0,-0.012022875308259724,-0.0018344856473469747,-0.001846833386225216,True,0.9933141024142523,17.12,0.0,0.058498357866084955,0.05456607019063637,0.9327795203337089,0.058498357866084955,10.171485626109577,18.280629268402823
same_well_masked,tr00015,999,1906,0.5519896607722008,0.9990866652077754,0.016707021015918713,1.479288274375433,0.9905113714008587,0.14431371733356937,False,1.0148763631736153,0.4653161931671018,2.1810467335469634,0.9943271914977478,0.07655353931008978,0.16451939656137926,-0.45719628690083225,-1.0,0.5428037130991678,5.49524178702962,5.476055572705434,2.972423298001899,TVT+Z,0.008575293806916795,1059.4445281812573,997.9937205848933,1.0770185760598021,-3.2068516197710077,0.00014689182910165854,331.8314889070197,0.6807730600916788,1.378479143422484,0.014712330065311377,0.020280640146179283,1.909354924996661,True,0.0,1.0,201.0,0.007133814311813813,1.4338966766745764,12.0,279.75,70.0,0.5,0.020484238238208236,0.3583250517521944,False,0.3583250517521944,1.5082461697862526,0.8433976668151539,True,,0.9990866652077754,0.9873500023101303,0.977502850172544,0.0,0.0009590193007362579,0.0018151840100537138,0.0015959851302287,True,1.1373439361515876,3.0,0.0,0.48934952235793727,0.25980557647691865,0.5309202617079137,0.6596983043453337,1.7205464992384913,3.101955861555359
same_well_masked,tr00016,200,2615,0.06109262780365718,0.9999449146447635,0.00045686592529438206,0.20649054720816157,0.7967511771545419,0.09379854019256834,True,0.13112468180646944,0.07740571975179349,1.6939921523490684,0.8731904539406873,0.04704812345888871,0.6078119757784257,-0.5657025137150814,-1.0,0.4342974862849186,10.890266312866338,10.885126026225052,4.727382871084085,TVT+Z,0.20319373749022163,380.1272113426315,198.99692387681995,0.5316306177460145,-101.59826273061218,6.6659134577568e-06,2.6466477994020394,15.001694911540572,0.17695340851013486,0.006259359474717174,0.0011076149941414114,13.140508886978905,True,0.09346416098453351,1.0,201.0,0.006979327358642706,1.402844799087184,12.0,279.75,70.0,0.5,0.02004063998695977,0.0011883833496605107,True,0.2,3.769009422452502,-0.05168389602100076,True,,0.9999449146447635,0.47035844573951924,0.0,0.19694072657743786,0.000497915050478459,-0.0010863464204037233,-0.0010547320375349414,True,1.0299738528305913,9.0,0.0,1.047491363213999,0.8004016145398891,0.7641128534788403,1.0013876704863327,5.569422612990488,10.074711538482617
same_well_masked,tr00017,3873,2474,0.09466160114561646,0.31975400068088156,0.07810432980220121,2.206546826047104,0.4755647023483103,1.598554220746796,False,1.1107114346310045,1.097827384480336,1.0117359526031202,0.46274999796970284,0.8144374243365066,0.7418629156550199,-0.9848357163357657,-1.0,0.01516428366423428,0.9323619062041506,0.5712774187088674,0.008663012828272804,TVT+Z,-0.15581070166742872,185.73210077744346,3871.451465030973,25.33233501296266,-156.5952383988127,0.35238437467887707,19352.169361301087,0.0002837810277232882,0.13157300350856824,0.10643616346997464,0.014004125709673515,0.6383778850062828,True,0.1381929486452783,1.0,201.0,0.006516124996114314,1.3097411242189771,12.0,279.75,70.0,0.5,0.01871058748884253,0.12203318727164049,True,0.2,1.9267316729006418,0.4604921730377094,True,,0.3197540006808818,0.5969819162021682,0.0,0.1778496362166532,-0.0002169180867119508,9.576408991043104e-05,0.0005113221597323022,True,0.18728718888414186,2.2300000000000004,0.0,0.7454604146592491,0.37383943172823464,0.5014879722340685,0.8143603987646478,1.4278631006976494,2.2437342567508267
same_well_masked,tr00018,3001,2393,4.000967600849281,0.9999863688290712,0.014779127637086262,2.518371147038488,0.9875288220696945,0.28137833548045693,False,3.2549297012036305,0.7618399627633384,4.272458600619192,0.9980563458642447,0.1435715172912431,0.18845364421483207,0.22807794269884735,-1.0,1.2280779426988473,6.522701568024829,6.51183475762879,7.997040632343611,TVT-Z,0.012457546759376714,505.91669579799446,2999.9027612801074,5.713765655546254,20.7198618677532,0.00888841420658082,9003.949494645341,0.011250600801880029,0.15676050628240001,0.009390882017979552,0.0014721194195767607,0.7975952452553972,True,0.6187235135482214,1.0,201.0,0.006950178050804112,1.3969857882116266,12.0,279.75,70.0,0.5,0.019956939831594665,0.25517449392076536,False,0.25517449392076536,3.6907341305886043,0.8166122904201697,True,,0.9999863688290712,0.0014151487806505331,0.0,1.0,-0.0018928623750725053,-0.0009014519343939406,-0.0008647745788997033,True,1.0424126198770827,3.5,0.0,0.5414621886238683,-0.42861444797606985,0.7915870341110943,0.5414621886238683,1.9842929012174368,3.40327880032153
same_well_masked,tr00019,1669,1787,0.037437399453659,0.999965272256397,0.00022081807845459366,0.7023799290539593,0.9514265041262792,0.15493960455545353,False,0.3694563425341392,0.3329738319585275,1.1095656987848694,0.9561246752000765,0.07745758791638746,0.232623649314385,-0.9009949694579503,-1.0,0.09900503054204968,0.4968535885104224,0.32349461453218353,0.032027594191947416,TVT+Z,0.048538768130117815,453.6583567031793,1667.9718353741532,3.6969812977525898,-34.817461822360116,0.0036773831968162085,1548.2633148247871,0.027193249832265957,0.0036413731259230093,0.01383632292431869,5.038321445820654e-05,1.0712914542082423,True,0.25538813656303644,1.0,201.0,0.0068075750310337135,1.3683225812377764,12.0,279.75,70.0,0.5,0.019547465446253947,0.16740351450347404,True,0.2,1.115345027717427,0.3691581170299263,True,,0.999965272256397,0.6194009137444162,0.0,0.2971460548405148,5.992598726596161e-05,0.0006693331424910781,0.0006670415291131052,True,1.0034354883136285,0.81,0.0,0.328874464186177,0.014019637151170522,0.04262914478891847,0.01063408592159925,0.11213900264541564,0.2587140600353371
same_well_masked,tr0001a,681,3811,0.0828617035518892,0.9976509265857575,0.004024953446621749,0.15333499048485774,0.5334279059493694,0.10496858902671491,True,0.10993121561649276,0.055713269912440695,1.973160358192246,0.778140641790548,0.05189417542555093,0.9314509004247663,-0.3443469893921284,-1.0,0.6556530106078716,3.8706656596430102,3.8218707588260052,2.5058210691784613,TVT+Z,0.4642230206363881,1083.0066795560508,679.9959339332956,0.7027033408385323,-157.2242557252936,5.09490555202774e-05,105.04112684087369,1.962744921938752,0.5638879224399407,0.09413196037852334,0.05307987557304434,5.601932671807138,True,0.0,1.0,201.0,0.006521336804499622,1.310788697704424,12.0,279.75,70.0,0.5,0.018725552824348915,0.005219079233866706,True,0.2,1.0768516363541025,0.15766166374291288,True,,0.9976509265857575,0.8552821611899383,0.7753817443503999,0.0,-0.0006823071349172946,-0.00021223625179186595,-7.101648418571691e-05,True,2.988549126662506,2.29,0.0,0.8211610747410953,0.7667598378178532,0.9337508333058842,0.3154753489926615,1.9768117319085599,3.0223418253822665
same_well_masked,tr0001b,2025,1410,1.5571241283941868,0.9998828445111657,0.016866559112940254,3.279339426790176,0.9974246668249359,0.1665424770620705,False,2.4162609143274594,0.8666224711818684,2.788135543072464,0.9987000052128867,0.0871839561888437,0.1006020027036056,-0.3566709293747567,-1.0,0.6433290706252432,5.422042182025571,5.419154558364177,3.4862996656069765,TVT+Z,0.002458177686229801,211.1677697267832,2023.905284900847,8.71901084433094,-16.120379925186064,0.02261901448528647,2765.658200809489,0.004421059107816098,0.1121475146379823,0.019143038954730462,0.0021468442413911,0.6966023644218946,True,0.0,1.0,201.0,0.006765929641410248,1.35995185792346,12.0,279.75,70.0,0.5,0.019427883684620856,0.3487658379363888,False,0.3487658379363888,1.13974844911873,0.8929072126626836,True,,0.9998828445111657,0.9760779316066819,0.9653422771855971,0.0,0.0013758235622137684,0.0013326941785970067,0.0014563536210823857,True,0.9150896865326752,2.5,0.0,0.3916915525915999,0.25604522904170046,0.6536909651167992,0.21351254331958797,1.346074042752872,2.4081294746815445
same_well_masked,tr0001c,200,1482,0.07893192657720662,0.9999854866471828,0.000302983141642107,0.3407416542689468,0.9130297096710986,0.10124942656148862,True,0.20836103921893134,0.13324128237588723,1.563787405101098,0.9416036502622332,0.05073308244882762,0.38076098896815197,-0.6327095482412318,-1.0,0.3672904517587682,9.603893682849773,9.58609783126461,3.5208822030489264,TVT+Z,0.08695577697608414,467.32864874576126,198.99792435564015,0.4255717866803523,-99.06652365004769,6.319932236792392e-06,2.646653187683289,15.82295446426398,0.12052086877362014,0.033916030380486656,0.004087589446808746,7.4450132407238545,True,0.7016499864755207,1.0,201.0,0.007060367216901398,1.419133810597181,12.0,279.75,70.0,0.5,0.0202733401513883,0.011618578185120639,True,0.2,6.639930790687526,0.11209567888073362,True,,0.9999854866471828,0.007700974640321142,0.0,0.9851551956815114,-0.005110658521646248,-0.0022527149415922845,-0.0021294335845135045,True,1.0578939667221154,7.5,0.0,0.22820964830938525,0.17148802844291205,0.7514495101908428,0.22820832916025355,4.2314600351301905,8.093713052080428
same_well_masked,tr0001d,1462,1291,0.09431675684776117,0.9997385680144982,0.0015265613402559522,1.95887833816327,0.9932004131349312,0.16169432109605925,True,1.0262425623617222,0.9326715393808443,1.1003258049913212,0.9938578540058798,0.08051116862767409,0.08632317512456912,-0.9087552084767655,-1.0,0.0912447915232345,3.392622115685903,3.3843723647602744,0.3088063508595474,TVT+Z,0.006538154879566993,134.27334079494847,1460.8406756590434,9.684008731595007,-160.72849055203605,0.025408122365348618,1040.406021925317,0.003935749307330917,0.009576966618428787,0.04629943030198702,0.0004434080984543999,0.8831271138034834,True,0.8026706231454006,1.0,201.0,0.006589894314480205,1.3245687572105211,12.0,279.75,70.0,0.5,0.01892241081729316,0.15638261565921674,True,0.2,1.1556556741264854,0.1923002376512186,True,,0.9997385680144982,0.0,0.0,1.0,-0.002468152762855696,-0.0021824374125279477,-0.0022010790383297134,True,0.9915306876867485,1.12,0.0,0.0821292287490252,0.06375246251153635,0.7762457225350851,0.0821292287490252,2.0108130072196477,3.3716616359521874
same_well_masked,tr0001e,2393,2414,3.0270298294799742,0.9999170073547675,0.02759363422388773,2.4292942898093997,0.02291483173323261,2.4028061709060475,False,2.0617539008082195,1.8114527374549818,1.1381770322668758,0.666178846871855,1.1919722648885709,0.6580200742986229,0.19181192238582057,-1.0,1.1918119223858206,10.381199976719202,10.368102969985642,12.356828732152724,TVT-Z,0.9770021756215349,1136.6999638555455,2391.9668066101744,3.3060233735195586,11.902367007162162,0.0011621041954583688,4564.841677955925,0.08605080369799112,0.8094431805118453,0.03957468134780512,0.032033455937910175,1.008991244344054,True,0.0,1.0,201.0,0.006858242098736866,1.3785066618461101,12.0,279.75,70.0,0.5,0.019692952312087286,0.06835615819306484,True,0.2,6.180770819111811,0.824561551256069,True,,0.9999170073547675,0.9740728101800512,0.9664934406565687,0.0,-0.0005045069215789994,-0.0013588950492055597,-0.0019475249170385002,True,0.6977548976738951,0.9299999999999997,0.0,0.3725871103502848,-0.1432516200892014,0.38447819613116657,0.5938523010656331,0.1278518765405755,0.3275285775083461
same_well_masked,tr0001f,3132,2443,0.28884721610676595,0.9997797545951189,0.0042887399110688035,3.900389141749306,0.996689432908643,0.22452630571831048,False,2.0940320624840436,1.806450610161563,1.1591969637613067,0.9971225574059833,0.11238148232311213,0.06221121224734791,-0.8625829698479806,-1.0,0.13741703015201945,3.68171674564557,3.6392278811708003,0.5000918874769177,TVT+Z,0.0030903216864759386,347.06506339702366,3130.8872729080986,11.811250142860006,-36.86540441132433,0.02938721883811013,10235.753872287849,0.0034028398723569353,0.025017877743764683,0.052345529222177944,0.0013095740505131095,0.7799681082189889,True,0.048391119980044896,1.0,201.0,0.006991472114137309,1.4052858949415992,12.0,279.75,70.0,0.5,0.020075512784879988,0.21122489669710856,False,0.21122489669710856,1.0287981531526524,0.7570332749726638,True,,0.9997797545951189,0.9003647656412597,0.8619233022105641,0.0,0.0011565071860274532,0.0020518212976364486,0.0019880441477450536,True,1.0320803489015746,3.1799999999999997,0.0,0.21623372241201455,0.04935514068014201,0.22824904519795522,0.06016886324977711,1.814498592488501,2.806090523194097
same_well_masked,tr00020,1832,3391,0.619438664546344,0.999916923162911,0.00565059484218181,3.014742466167722,0.9967236749441416,0.17270288480524032,True,1.8166566014547147,1.1983100561273794,1.5160154854459518,0.997724083176504,0.08673750316372898,0.07238318890858816,-0.6594190644391398,-1.0,0.3405809355608602,11.908661902227657,11.882867190729336,4.047078024964048,TVT+Z,0.003193248218769429,709.9941793101386,1830.9666810070753,2.9045041355557295,-172.95215600224134,0.0011423117336910593,2047.7915207177002,0.08754177782703686,0.1671867478206662,0.03035084973031421,0.005074259860004976,1.851900479573528,True,0.6816809844439284,1.0,201.0,0.0067746612145600515,1.3617069041265704,12.0,279.75,70.0,0.5,0.01945295577323672,0.7269876243216535,False,0.7269876243216535,13.8158732750552,0.8242645866163132,True,,0.999916923162911,0.0,0.0,1.0,-0.002362247364490382,-0.002250932722442331,-0.0022596158539602,True,0.9961572532328223,9.36,0.0,0.17434430403911932,-0.11338157130106731,0.65033137690364,0.17434430403911932,4.4296979245320545,7.56061513872455
same_well_masked,tr00021,2771,2336,1.6633130057049903,0.9981742257810768,0.07111033727344582,1.682242515517412,0.9872627039657538,0.18996012472064996,False,1.669059249176503,0.11187600600319585,14.918831202544224,0.995839871333589,0.10771107372941482,0.96277188985758,-0.005683346184161963,-1.0,0.994316653815838,3.9818620370327693,2.893537618139824,2.87709264215904,TVT+Z,0.010911521815323066,316.588832435549,2769.9035570819724,10.17409062085584,2.6551691648774964,0.022960045270178142,7088.1595738240085,0.004355392109347706,0.46929547690054924,0.05398962745437439,0.025337087963883616,0.8430211192271733,True,0.10842402257154374,1.0,201.0,0.006896334530972048,1.3861632407253817,12.0,279.75,70.0,0.5,0.019802332010362595,0.04283137098959272,True,0.2,1.2003442278412868,0.0887566209950628,True,,0.9981742257810768,0.4520312864853081,0.0,0.2735445205479452,-0.0037602663531849764,-9.747030032114443e-05,8.951086937794423e-06,False,-10.889213902011484,8.42,0.0,2.663752590506107,-2.081065394578449,0.7812532597792994,2.7091496409137377,3.1815333679874787,3.9991096786743547
same_well_masked,tr00022,738,1811,0.011904718010983367,0.2854264178461422,0.010083866841916301,0.585063950298551,0.9647618943358681,0.11005103396989668,False,0.29618302482143294,0.2889574188917107,1.0250057809812805,0.9619579269987075,0.057886429524214966,0.20032858040550397,-0.9750940595880816,-1.0,0.024905940411918404,3.2446526480380413,3.2468377652484435,0.08086554790844405,TVT+Z,-0.6793354764897259,422.6417037909754,736.9805234386608,1.8525950543257768,89.49622919324113,0.00040156319703096854,133.70227905541685,0.24902680509411326,0.503211028396735,0.014352606966934628,0.007222390112005319,2.4571781708851854,True,0.0,1.0,201.0,0.006515317672437959,1.3095788521600298,12.0,279.75,70.0,0.5,0.018708269316571855,0.01623339711097822,True,0.2,13.29250371106894,0.08707819079051975,True,,0.285426417846142,0.7096469838591873,0.6615965730453784,0.0,0.001767002923436935,0.001286076424383291,0.001333778488243286,True,0.9642353926979111,3.3799999999999955,0.0,0.484170500972716,0.30930982205814234,0.6388448313904456,0.5451059379402182,1.129410290913254,2.05552490420294
same_well_masked,tr00023,3491,2003,0.04107601284400153,0.16622392898864846,0.03752318380438674,7.650680958379728,0.44293938966768565,5.712655086273285,False,3.8352599127184503,3.8155058098196526,1.005177322190929,0.4403124313778337,2.8704786284223025,0.7523192917266142,-0.9948052559301661,-1.0,0.00519474406983389,4.179529420476069,4.144246660565159,0.02152830076389976,TVT+Z,-0.2767154606790372,519.6914425292998,3489.8943249831973,7.8546885091739735,-153.79032080918387,0.02851638782158261,14174.809703739222,0.003506755505839876,0.2222042823609628,0.07750567796208652,0.017222093550465323,0.5734719597449842,True,0.5946378551420568,1.0,201.0,0.006974663593521072,1.4019073822977355,12.0,279.75,70.0,0.5,0.020027248318539078,2.4950541623511393,False,2.4950541623511393,1.572182301962286,0.7775602515821667,True,,0.16622392898864835,0.13309870279024053,0.0,0.6854717923115327,-0.0023566163318021523,0.0025349368300046685,0.0025258238552416383,True,1.0036079217258633,3.0,0.0,1.1175501466384783,0.6982996932227893,0.6248486435469868,0.2981424761038763,3.2975915754501592,5.411139576294003
same_well_masked,tr00024,200,1889,0.22738432025112174,0.9999921062400416,0.000643701255756127,0.0632153256961797,0.5451293376415118,0.042958412921786766,False,0.09293779267363707,0.13860905433059356,0.6705030426942606,0.9481361117916819,0.021325870836797125,0.1538562609765249,1.3808341551610719,-1.0,2.3808341551610717,11.951347042919409,11.966162710731567,28.48944888792451,TVT-Z,0.4548627685985298,669.3249046010061,198.99873135000087,0.3443351802694924,13.498159286978494,3.6614269053880655e-06,2.64666491034813,27.311756477465785,0.33640246704910914,0.04968768763980169,0.016715060703994818,9.488614773825073,True,0.0,1.0,201.0,0.006818947958748822,1.3706085397085133,12.0,279.75,70.0,0.5,0.019580121995835902,0.020972255828628064,True,0.2,5.146940057716427,-0.08271214985330261,True,,0.9999921062400416,0.6887690387750485,0.5794851979775896,0.0,0.002395306222469655,-0.002577750899202744,-0.002371477743834969,True,1.0869808522993794,6.0000000000000036,0.0,0.7472686021065362,-0.5757713397306755,0.7705011800410011,0.25390105049897355,3.8622172175468075,6.013259415947694
same_well_masked,tr00025,2859,3035,0.17455288954133621,0.9872600776188541,0.019712350364851014,6.338716388965042,0.9993394938525001,0.16299254045908737,False,3.082829888245045,3.2559264373805608,0.9468364680638256,0.9992170780327,0.08630516284313057,0.026507098518037866,-1.0561219528672758,-1.0,-0.05612195286727584,10.421591621398976,10.405066404323753,0.583952646324333,TVT+Z,-0.012079416233645945,330.3437437769598,2857.8227731559764,11.716113575241689,-24.861991246127225,0.05161095668586313,7784.84738492735,0.001937573074040521,0.08676957193511435,0.03183501380022602,0.0027623105199940695,1.0618785515593796,True,0.5019599059245157,1.0,201.0,0.007303839287269298,1.468071696741129,12.0,279.75,70.0,0.5,0.020972452810587554,0.7669273732262212,False,0.7669273732262212,1.4983955849136201,0.9746927339719235,True,,0.9872600776188541,0.4477166897644228,0.0,0.5252059308072488,0.0036299471272926744,0.003990745579905862,0.003943737491368271,True,1.011919679907823,7.999999999999999,0.0,0.5505518452213068,0.45201932503158154,0.8210295341937908,0.3537475930782155,5.735517482632767,10.247988891683713
same_well_masked,tr00026,200,2192,0.07472341397060665,0.9999987487934309,8.421764606512509e-05,0.2996628511008391,0.9750403645166469,0.04770170598394519,False,0.11309341568661484,0.18681698474974834,0.60537009436326,0.9561917329971539,0.023850486514697317,0.12766765584321127,-1.646079773137417,-1.0,-0.646079773137417,0.6343261557591351,0.475245031902376,0.3070462023961716,TVT+Z,0.024958384276783985,889.6960263474681,198.99924795197893,0.20768233300201594,-175.60865123659252,9.285979792206939e-07,2.6466834524396354,107.68922853345306,0.08739553219361632,0.03962594305683062,0.0034631303821256476,11.012960083498783,True,0.7741410855865013,1.0,201.0,0.007070930943853249,1.421257119714503,12.0,279.75,70.0,0.5,0.020303673138778615,0.05996649824028588,True,0.2,1.4912451023419953,0.23659817192019908,True,,0.9999987487934309,0.03062737279572502,0.0,0.9416058394160584,0.0014595215557809578,0.0032225471986582254,0.003209708957756538,True,1.003999814646952,4.91,0.0,0.046675091547856,0.010284374340394673,0.22033967153230108,0.004453565497643799,1.8418617119041005,3.2065937481028532
same_well_masked,tr00027,1084,1738,0.68860252075694,0.9999455674676155,0.005087444355626595,0.8745879541981948,0.9897933355639992,0.08848042580022993,False,0.7785936027783542,0.11545892050127683,6.743468580842516,0.9969676165886787,0.04293432913501007,0.3718580508860316,-0.11989723777033869,-1.0,0.8801027622296613,3.08573110701483,2.3971384997952967,2.109728215116907,TVT+Z,0.01015223190361636,354.14075779066076,1082.9664329609132,3.742066525491498,10.532003307429676,0.0017552501648534502,423.98550091256016,0.056971935968084204,0.12143116479220671,0.01248551023745581,0.0015161300511592805,1.60477043680076,True,0.6596491228070176,1.0,201.0,0.006473942167858127,1.3012623757394834,12.0,279.75,70.0,0.5,0.01858946251056405,0.046883413341408595,True,0.2,3.441335499313262,0.19131831563234325,True,,0.9999455674676155,0.0,0.0,1.0,-0.0023733843887555435,0.0002738674138254413,0.0002822832227033144,True,0.9701866487236536,3.999999999999999,0.0,0.4774681584066311,-0.33900029856646,0.7099956145719643,0.4774681584066311,0.42229762963694883,3.1336434929950983
unseen_well,tr00000,2413,1529,3.0190223531699,0.9999891659083001,0.009943349891146902,1.0817276128577578,0.9634498708684769,0.2069343148344417,False,2.0417000333650552,0.9868010298111597,2.069008819088654,0.9975850032750972,0.10039691051697645,0.10173977071769881,0.4764475809454572,-1.0,1.4764475809454571,3.6599817046677217,3.6389955895782293,5.372786235303964,TVT-Z,0.03653929503982323,239.7962306585073,2411.8116236851947,11.376418818274889,9.25419630780681,0.05110362036703009,4679.810903003321,0.001956808525145428,0.04398523207322432,0.04806102909227761,0.002113975518301816,0.6336330435635154,True,0.14865550481988837,1.0,201.0,0.006765042832951096,1.3597736094231703,12.0,279.75,70.0,0.5,0.01942533727747386,0.15602458620566906,True,0.2,2.6612740857645263,0.5180985034337667,True,,0.9999891659083001,0.8224478904230128,0.7407804739674747,0.0,-0.002141999434184859,-0.0013415908422552414,-0.001406773158462733,True,0.9536653682824597,3.370000000000001,0.0,0.49359948813699545,-0.3524905586382978,0.7141226178509859,0.21428382557350467,1.641840611754822,3.008132575584739
unseen_well,tr00001,5748,2150,0.4894948829694536,0.973043130784895,0.08038892946064866,6.6948350756369575,0.9980631889988287,0.2947113539593552,False,3.5673133289137495,3.131211678978347,1.1392756845099958,0.9977189295873389,0.17042133594523107,0.054426641638241534,-0.8758089145854226,-1.0,0.12419108541457735,3.5855035884731326,3.5570888994241443,0.4417587313356289,TVT+Z,-0.025020058213933716,204.6197329625163,5746.555693596659,32.30481013878311,-17.49961652209772,0.8624909079608187,63278.55129253495,0.00011594325120067563,0.08656034573380282,0.0390511386118817,0.0033802800595431363,0.3740535309750259,True,0.0,1.0,201.0,0.00685974301832637,1.3788083466836003,12.0,279.75,70.0,0.5,0.019697262095480006,1.1414268237613834,False,1.1414268237613834,1.038559958626369,0.985818542679276,True,,0.973043130784895,0.9909338097467588,0.9874200031561461,0.0,0.0009469993007614044,0.0017462623673331428,0.0018819615768535982,True,0.9278948033852384,2.5,0.0,0.695471517299282,0.5957527034613661,0.8566169694121292,0.2852908801689248,0.7376149395585015,1.5434213862764885
unseen_well,tr00002,4599,2369,1.0256116924327252,0.9979040849360984,0.046969019876903724,4.005157625456927,0.7248362303724468,2.101633259100086,True,2.3851509363076344,1.6904551118666415,1.410951949900576,0.8117865387162111,1.0351014159409595,0.6123211487100508,-0.6587077344817616,-1.0,0.34129226551823844,5.555715164859961,5.494272087544232,1.8751525681315921,TVT+Z,0.27306785456365157,349.75233402217896,4597.708045897003,16.144998169047064,-164.2342697753666,0.19805099748964494,32408.60171678903,0.000504920456183153,0.1055414315571745,0.012217586617547072,0.0012894615817896954,0.5152341875201416,True,0.09156142365097589,1.0,201.0,0.006866525220436681,1.380171569307773,12.0,279.75,70.0,0.5,0.01971673670439676,0.4680361468850207,False,0.4680361468850207,1.3372613969981653,0.9313438024747892,True,,0.9979040849360984,0.9698444213816151,0.9499402380146491,0.0,-0.001520921415945935,6.21145254966974e-05,-0.0007008821820661351,False,-0.08862334795498665,3.5,0.0,0.5054588915562067,-0.23683298134202774,0.46855043070439695,0.687587142814276,1.2254829449720064,2.1977080839510563
unseen_well,tr00003,3407,3634,2.2561174726447755,0.9996804770863474,0.040346326985235666,7.262248774673643,0.9990449322619034,0.2245326492106577,False,4.758013867520964,2.505287547226692,1.8991887269738752,0.9994380622478649,0.11283948607283009,0.045040532851305375,-0.5262029148195587,-1.0,0.4737970851804413,20.8804153380578,13.78522836661552,6.531401018649169,TVT+Z,0.0006355448244440565,238.5085075486675,3405.809190278576,14.365353164548914,-11.4753298707655,0.13787574096511435,13175.281300595907,0.0007252907531086433,0.10865759149129584,0.11467352519369645,0.01246014905536349,1.0663159656751429,True,0.14770629171992614,1.0,201.0,0.006891484926959901,1.38518847031894,12.0,279.75,70.0,0.5,0.019788406718842,1.065264742568671,False,1.065264742568671,2.561526924489571,0.9842602747263067,True,,0.9996804770863474,0.7446891727845807,0.30474438528766834,0.06576774903687396,-0.004183144170819935,0.0024706317604501612,0.0025442804007312332,True,0.9710532533049796,17.93,0.0,1.1171665306230407,-0.7777200383725651,0.6961540800357067,0.6078675781054482,9.192027270005891,16.58605085614597
unseen_well,tr00004,5965,2203,1.4793439887692537,0.8791019040505749,0.5145032708446725,3.1855858555367265,0.9670287900723138,0.578583434000504,True,1.1649739022366845,2.193409160908909,0.5311247545596739,0.7997883006990664,0.5213989598142839,0.23771167236222612,-1.46620037714884,-1.0,-0.4662003771488401,2.393028496275633,2.275377086630563,1.0607816559429974,TVT+Z,-0.08792688602173893,348.6436788729474,5963.741671848679,22.237193344754722,-101.72822335030557,0.16899322622793989,70725.88561863644,0.0005917396941408701,1.2515652359948328,0.07442067709866435,0.09314233229588509,0.36917781467296684,True,0.027056807051909892,1.0,201.0,0.006762266003702777,1.3592154667442582,12.0,279.75,70.0,0.5,0.01941736381063226,0.1837004480584175,True,0.2,1.2697085890594415,0.6790850970704673,True,,0.8791019040505749,0.8430050583126303,0.779688745701172,0.0,-0.0032740327520222505,-0.0011197491282160445,-0.0012700923299376803,True,0.881628131925643,4.15,0.0,0.925594327134479,-0.5824494163134978,0.629270728264602,2.190618448027379,1.620762620718656,2.9881252770990336
unseen_well,tr00005,3333,1878,0.3420111208743336,0.9892331917454154,0.03550416124969933,2.386815556238413,0.9883335070174489,0.2579197278551196,True,1.3623806404313714,1.0251092837983213,1.3290101474677547,0.9913961863993188,0.1264269032175775,0.12333017095419317,-0.7515723807816206,-1.0,0.24842761921837941,2.765574223512239,2.7329002562865448,0.6789279042305653,TVT+Z,0.0008996847279664211,444.0207716028997,3331.865188187925,9.15360685714521,-165.772576635703,0.02219648910227079,12335.596513482407,0.004505216998023783,0.23830717279188585,0.03634565456816591,0.008661430183410108,0.5635355098075604,True,0.09038572251007485,1.0,201.0,0.006989961381900223,1.4049822377619448,12.0,279.75,70.0,0.5,0.02007117482517064,0.46937014975603525,False,0.46937014975603525,1.0442863386028132,0.9546982641450589,True,,0.9892331917454154,0.9770281106842984,0.9655917847400245,0.0,-0.0010362551229216132,-0.0010909000744238754,-0.0010563223351481503,True,1.0327340794804605,2.5,0.0,0.6547809546973833,0.3570534507903101,0.5453021323067156,0.48960215488936876,1.6469489008718325,2.9940397259796905
unseen_well,tr00006,2322,1877,2.956287517037857,0.9999886572480002,0.009962919501039768,3.983798010409406,0.9962281633755722,0.2448242768324739,False,3.468204221146665,0.5260234937608348,6.593249659536197,0.9988049115773207,0.11997352395540564,0.22807636042574472,-0.14821145544055433,-1.0,0.8517885445594456,9.063047426932968,9.065627421261695,7.7219975866747,TVT+Z,0.00376049387242805,189.78085806976367,2320.8313570769396,12.604969159366597,12.110096002100635,0.07032192556206951,4169.924082310078,0.0014220315954194855,0.03757000425358546,0.013451245450644633,0.0005053633487967409,0.8087112145705381,True,0.13336508692545845,1.0,201.0,0.0069826753459096835,1.4035177445278464,12.0,279.75,70.0,0.5,0.020050253493254948,0.043795015761421564,True,0.2,6.139303787234408,0.6111927910564497,True,,0.9999886572480002,0.6892755056230891,0.0,0.23441662226957913,0.000288827514240655,0.0007955878951196967,0.0007607106818187473,True,1.0458481971326643,4.0,0.0,0.3535395724011747,0.016253235892360142,0.045972890055761516,0.048596475336182186,1.6710369714929278,3.8097749627843243
unseen_well,tr00007,4774,2683,0.5877514181764217,0.9870776772048439,0.06683446523096215,5.753963133863458,0.6485974103642625,3.411976669636894,False,3.112340239912086,2.653320555217193,1.1729982017409573,0.7019291290334628,1.699743289127942,0.6406098523549131,-0.8455606481796963,-1.0,0.15443935182030366,2.4317016760020493,2.425425221797111,0.37458109914296206,TVT+Z,0.3384802668405813,269.80790396334817,4772.519208600212,24.436473135185494,-31.192079183830764,0.2764655791406767,36252.32287226906,0.00036170868109811245,0.1271100657801686,0.07194388567268795,0.009144792040336294,0.5619206912752347,True,0.0,1.0,201.0,0.006962576022940092,1.3994777806109586,12.0,279.75,70.0,0.5,0.019992539723013694,1.0659833284969755,False,1.0659833284969755,1.0158357207309292,0.9874295132324109,True,,0.9870776772048439,0.9684013730433141,0.9353534658581137,0.0,-0.0013845339798011684,0.00107807818145456,0.0014565178515882605,True,0.740175055375373,4.0,0.0,0.4080767146343641,-0.08181648677865457,0.20049290695736455,0.35840859148287335,2.2120171522013115,4.474687955338293
unseen_well,tr00008,3987,1991,1.3912870070466326,0.9978957612242163,0.063845117703047,3.3804145002375035,0.45529483950154737,2.4958251331329255,True,2.1959019691166928,1.3636184975006036,1.6103492092118095,0.6853813100238841,1.232164409675057,0.9035990725657574,-0.4920961883942458,-1.0,0.5079038116057542,4.773785888552602,4.76820337445198,2.4217886683955796,TVT+Z,0.5426009217226689,437.5942902747837,3985.8200537877083,10.901646476481343,-173.54630834071838,0.03892744361877476,21116.23898080816,0.002568881763193149,0.3235934704886846,0.02377858615684786,0.007694595217808592,0.4994661675860092,True,0.07293409166945466,1.0,201.0,0.006756755874326004,1.3581079307395267,12.0,279.75,70.0,0.5,0.019401541867707525,0.8276415618108672,False,0.8276415618108672,1.1503313588386956,0.9575002220511871,True,,0.9978957612242163,0.8376075250007422,0.2591087726278792,0.08789552988448016,-0.0011746681195807813,-0.0006570472171234674,-0.0003465385087390298,True,1.896029447100422,3.0,0.0,0.59813105413531,-0.3112357887977815,0.5203471490837748,0.3902288986766983,1.0226294265944873,1.7003927754055752
unseen_well,tr00009,3613,1473,1.2604024976029842,0.9609380317723208,0.24921070636011536,1.1645108864594538,0.6481818927239928,0.6910079225118918,False,1.1794942970987183,0.2848565137658121,4.140661140255374,0.8476492474334807,0.4605730554224526,1.6168598335128876,0.041785457740958716,-1.0,1.0417854577409587,4.524432752690878,4.319005959160911,4.499477600150378,TVT-Z,0.312756139048328,437.02151705480816,3611.7397650196954,14.084634373196122,8.267863044489228,0.10466100179360183,15711.753233513762,0.0009554657254017727,0.7703254608787542,0.055670219944025684,0.0428841878356032,0.40754141362632645,True,0.10892646480534801,1.0,201.0,0.006721045962022387,1.3509302383664998,12.0,279.75,70.0,0.5,0.01929900340523571,0.13381021748048416,True,0.2,1.587422997755497,0.5620506601432141,True,,0.9609380317723208,0.9515076390548538,0.9201793254556044,0.0,-0.002302856336390982,-0.00011482011755456195,-0.00014604707169620182,True,0.7861856880869459,5.0,0.0,0.7247727414014171,0.5403045070454918,0.745481274586516,0.3989936793056836,3.59332234446856,4.056738749852113
unseen_well,tr0000a,4413,2614,1.6040734031665942,0.9990519046017831,0.049408074166069516,7.805670845796321,0.9665060496262011,1.4290291538370867,False,4.656973213435792,3.1722822868042613,1.4680198016448278,0.9773705397819308,0.7007909848321672,0.22091066351416663,-0.6726883718987244,-1.0,0.32731162810127556,9.711531064358752,9.71951669944022,3.1813108352513146,TVT+Z,0.032545854975581934,110.12506618757955,4410.916991275166,43.51792114686992,-86.58786388676171,1.04752045842298,28629.755017768995,9.546352932385483e-05,0.048274376074383694,0.03596588174248727,0.0017362305010836408,0.5925480807740978,True,0.05464636402447702,1.0,201.0,0.006728531332722554,1.3524347978772333,12.0,279.75,70.0,0.5,0.019320497112531903,0.5934922944547588,False,0.5934922944547588,3.9494500410617572,0.9729095987308953,True,,0.9990519046017831,0.8322864106118151,0.1937386783927459,0.1009946442234124,0.0020707971581989107,0.0021693612653470636,0.00238125608651853,True,0.9110155256416527,3.759999999999998,0.0,0.7177932685712549,0.5889261327111179,0.820467617205936,1.2857513245867673,1.5144133884077207,2.9662116359674258
unseen_well,tr0000b,4668,3148,0.391846950471074,0.9089491717119933,0.11827637929966209,9.11910895230143,0.9985762132523227,0.3442028621918467,True,4.408211814387874,4.71418228940714,0.9350957480565001,0.9989829615513812,0.1406276565286349,0.02983076340612199,-1.067867287004702,-1.0,-0.0678672870047019,7.928921881404218,5.223246855167094,0.3544875934160318,TVT+Z,-0.08962704154032941,232.9799570414838,4666.720237249876,24.128740017295918,-161.13337024754242,0.3826923665083086,33890.294670205614,0.000261306492503108,0.19119349916035674,0.10935072076735441,0.02090714693921758,0.6740931188514582,True,0.6443193449334698,1.0,201.0,0.007172665941613587,1.441705854264331,12.0,279.75,70.0,0.5,0.020595797918061872,0.4349852963792917,False,0.4349852963792917,1.3918183362811483,0.4297418588553042,True,,0.9089491717119934,0.5088421588098153,0.0,0.1693138500635324,-0.0008594643570241474,-0.00350322431778114,-0.0034904541856288314,True,1.0036585875284905,4.140000000000001,0.0,0.7270327403354493,0.49907684267268826,0.686457177213803,0.6243438170686637,2.5350553782710503,5.015530937600838
unseen_well,tr0000c,3675,2969,4.806293843525912,0.9998489509848955,0.059094437515861305,1.0845150879971373,0.9617667041033309,0.21214548964036034,False,2.9317372990549893,1.8823477767229992,1.5574897132765149,0.9987990204699664,0.10164129516218748,0.05399708620217671,0.6376984965573785,-1.0,1.6376984965573786,19.015250941391344,19.036725256352085,31.176416331703688,TVT-Z,0.038082246881564585,237.66943641984997,3673.687678877322,18.446161694038622,24.225417368564408,0.09183426589015653,16535.361193211174,0.001088918161763394,0.19500431611230803,0.261000030985161,0.05089613254755253,0.8045742718860343,True,0.636062612883805,1.0,201.0,0.006847710322887224,1.376389774900332,12.0,279.75,70.0,0.5,0.01966271107000474,0.5315697150952547,False,0.5315697150952547,1.8575356533910876,0.07720549832026327,True,,0.9998489509848955,0.148608779579657,0.0,0.5328393398450657,0.0034099583024926033,-0.001719765910066041,-0.0017702553977146502,True,0.9714789811042013,10.249999999999996,0.0,1.6131429751110564,1.3431194801192632,0.8326103146726944,1.9581039977160386,7.597918712580639,10.339206716553882
unseen_well,tr0000d,4757,3627,0.20091034246251746,0.9915292545849451,0.018496948851867853,3.2658796187123627,0.9910062278888055,0.3098190364859828,True,1.534078403215507,1.731984635498354,0.8857344180620274,0.9902070164202744,0.1518595316510723,0.08767949122561176,-1.128752051030155,-1.0,-0.12875205103015497,6.014906717663148,5.960930458017835,0.7674820225179173,TVT+Z,0.0005230266961395724,129.64280927834207,4755.336226206398,39.52861555438703,-28.903392710624406,0.7513206339463068,35863.39675451926,0.0001330989666485674,0.021339657143920776,0.023871376863579208,0.0005094069978221032,0.7626369144992184,True,0.016579198473282444,1.0,201.0,0.006860823617048872,1.3790255470268233,12.0,279.75,70.0,0.5,0.019700364957526046,0.7711536055789154,False,0.7711536055789154,1.1407685869759738,0.9773743201145247,True,,0.9915292545849451,0.9779418994918416,0.9611414457533036,0.0,-0.001759954383482655,-0.0012927400165775663,-0.001251834984640336,True,1.0326760574988905,7.57,0.0,0.5575039265167853,0.35263969289607955,0.6325331107519335,0.777057366436585,4.356790904370595,7.97250956343622
unseen_well,tr0000e,5289,3160,1.4539108670177008,0.9979998557937528,0.06504166361850902,5.0826922506878365,0.9744764336643752,0.8122462168809136,False,1.8434938859244872,3.2519746239440748,0.566884462243636,0.9496648068364802,0.4137145314549108,0.1272194833283009,-1.7448959199220733,-1.0,-0.7448959199220733,1.193291038269269,1.1079599819400636,0.8253148699840874,TVT+Z,0.023523422129377636,150.3292819414648,5287.391610823164,37.57151761798049,-162.18666089510754,0.832599810337797,49296.41909140319,0.00012010572036934366,0.0712809513198087,0.03376023069763168,0.0024064613609033948,0.5975899476708185,True,0.11563498638892176,1.0,201.0,0.00689196323487451,1.3852846102097764,12.0,279.75,70.0,0.5,0.01978978014585395,1.5485540944540732,False,1.5485540944540732,1.3710332946709722,0.9915010301595288,True,,0.9979998557937528,0.9264017213362111,0.8399224019992618,0.0,0.001001632858764523,0.001970708463672833,0.0021104154419365933,True,0.9338011959694722,7.0,0.0,0.47289578777793256,-0.2986178553450865,0.631466515589508,2.1038392357057525,3.8727834007195168,7.183263897175401
unseen_well,tr0000f,3306,2785,1.3758611684446538,0.9896011836902142,0.14036657550319287,2.5517265169294174,0.9931438808645265,0.21138318740494136,False,1.961990482795924,0.5939229170822834,3.3034429660239994,0.993725080055798,0.15548844806227596,0.26179903753526024,-0.2999367614791923,-1.0,0.7000632385208077,15.715640289488757,14.650330868123714,10.256158072940043,TVT+Z,-0.003542697174312326,154.57192696535446,3304.489511698096,23.501364177761875,-4.262172183663506,0.2788010005215966,12035.820919892372,0.00035867877020855153,0.26583768154022897,0.07559303126771685,0.020095476172807884,0.8422280957677799,True,0.10293876210802824,1.0,201.0,0.006790001387763311,1.3647902789404256,12.0,279.75,70.0,0.5,0.01949700398486322,0.058318537132747185,True,0.2,21.043163118317693,0.19955621548171187,True,,0.9896011836902142,0.47536831914603617,0.08307069981761209,0.19461400359066428,-0.007128445113274444,0.0006148677570112042,0.0006136547048992345,True,1.0019767665794543,18.5,0.0,2.325498428655376,-1.5829924189262363,0.6807110249657475,2.4936915468820238,3.6879916982659546,14.826118177693292
unseen_well,tr00010,3315,4038,0.2752224036168624,0.7980693980963255,0.1237318355231526,10.038456930261374,0.9489527310474044,2.2690800548063557,True,5.094086770957297,4.947066042215374,1.0297187721949401,0.949195055889553,1.1487246211449165,0.23220321122507181,-0.9700959206176879,-1.0,0.0299040793823121,4.368789757267891,4.322799989023814,0.129269354025626,TVT+Z,-0.15088333295107892,348.99662108706195,3313.8458652101667,13.720339670845508,-93.28886382674196,0.027349957980320028,12137.173062026965,0.0036563127472428346,0.7481748821143152,0.008278800756275018,0.006193990779873965,1.218489247837636,True,0.5641234870121039,1.0,201.0,0.006767556926989826,1.360278942324955,12.0,279.75,70.0,0.5,0.01943255631892793,0.17731346884306445,True,0.2,1.2320762686160849,0.7907021771376453,True,,0.7980693980963254,0.2705566236744362,0.0,0.6783060921248143,-0.0007397341632862917,-0.004125108642564049,-0.004972920221960585,True,0.8295143413617272,4.149999999999999,0.0,3.8047168269099174,3.1174272203269435,0.8193585389267535,3.9273631040603965,6.270334409497131,11.056258663513105
unseen_well,tr00011,3341,3101,0.1130320167140739,0.9861926682956176,0.013287749345551571,5.338809065292883,0.26321703423979204,4.584682331092891,True,2.6589731319208463,2.680986967508608,0.9917889061548781,0.25857612183101975,2.2905633363896096,0.8543731708320045,-1.0074098104696407,-1.0,-0.007409810469640732,8.89636222279927,8.899725037231187,0.0659452757577994,TVT+Z,0.7229756340558255,175.01314588912805,3339.6030336026147,20.368053741540805,-158.19391088347075,0.20868254159790922,12422.543315063689,0.0004791967705313874,0.02908763208766809,0.08832385910991802,0.002569131918352327,0.9281494086355742,True,0.05153678981682707,1.0,201.0,0.00735826295745845,1.4790108544491485,12.0,279.75,70.0,0.5,0.021128726492130694,0.12536336652866276,True,0.2,2.374339322160609,0.6212900058631399,True,,0.9861926682956176,0.754752748321486,0.4166478382936432,0.06933247339567881,-0.002699584268552654,-0.00028563699136826984,0.0003918113023996787,False,-0.7290167221283917,9.0,0.0,0.8850289711565608,0.7016391559461779,0.7927866531072671,0.8791547565250617,5.8509206479348475,10.268047000133544
unseen_well,tr00012,5379,2878,6.578689705007482,0.999940687325423,0.05067973073620653,3.3710847690650168,0.40566120569800146,2.599607941213963,False,3.5998682391202306,3.7898065964466046,0.9498817809055312,0.8697278841732816,1.2996711563429026,0.3429386495768674,0.6156883108109237,-1.0,1.6156883108109237,4.7517059940395825,4.759331762155213,7.689596695385333,TVT-Z,0.5942794816274215,65.3088746042799,5374.753492804326,82.72229697460656,6.872900218205279,7.324422874419611,51813.89562897514,1.3652952828440293e-05,0.018726111012575722,0.16712023175952725,0.00312951201237629,0.5345371780348993,True,0.010415405110815066,1.0,201.0,0.0064725813478681005,1.3009888509214882,12.0,279.75,70.0,0.5,0.018585555013164116,0.21160259616678193,False,0.21160259616678193,1.2236296049343531,0.9344045099238968,True,,0.999940687325423,0.9231620290122219,0.8761209346045413,0.0,-0.002297412923020935,-0.001968300780258799,-0.0021739062637339338,True,0.9054211826401458,6.710000000000001,0.0,1.0688213108195224,-0.8671146209446282,0.8112811862628049,1.1411710069217667,2.3271512967467527,4.2201739130094005
unseen_well,tr00013,5172,1983,0.5334484051444779,0.999927755093471,0.0045354671927866665,9.023440960827868,0.9990658739511586,0.27586773847873564,False,4.777486000507306,4.24607518800661,1.125153415559317,0.9991760718498421,0.1371734576243193,0.03230594173456397,-0.8887201567728114,-1.0,0.11127984322718865,5.177491255851361,5.1849897342404105,0.5769848447608554,TVT+Z,0.0008618811423123374,103.12010140736739,5169.94727107496,48.19429873808137,-34.892126569573975,2.348072849075834,46086.33864487136,4.258811648001403e-05,0.002959826447069926,0.03387555580186352,0.00010026576597154872,0.3834996366012101,True,0.0,1.0,201.0,0.006861333114603685,1.3791279560353407,12.0,279.75,70.0,0.5,0.019701827943362008,1.0295423856457122,False,1.0295423856457122,1.0153568188593587,0.9861568548586078,True,,0.999927755093471,0.8687766307918446,0.7963754677225153,0.0,0.0022332261925147377,0.0028393863342574027,0.002839370195228647,True,1.0000056840171045,4.779999999999999,0.0,0.5779944545317965,0.5105810877240264,0.8833667584884042,0.16769333472292933,2.4651635760463666,4.094455086055307
unseen_well,tr00014,3154,1513,0.30341084194944323,0.9942501215503908,0.02301797269265379,13.913530333144887,0.8988012215197773,4.42824475873478,True,7.076491945729325,6.8383078299536715,1.034830856068272,0.9021246759185271,2.2149364296495233,0.32390124643811613,-0.9659887750453028,-1.0,0.03401122495469722,4.76107215260924,4.752829084234175,0.1616495391551161,TVT+Z,0.09544890003061357,166.6170403609086,3152.651610646537,23.007848550301052,-160.26373176167144,0.2722460568488714,10450.843929340195,0.00036731477824676736,0.04411499876233395,0.06321824676495841,0.002788872877793062,0.4794810635208065,True,0.5943861152774802,1.0,201.0,0.006940186868940046,1.3949775606569492,12.0,279.75,70.0,0.5,0.019928250866527848,0.10417033674948334,True,0.2,3.301374112641648,0.5156251885219496,True,,0.9942501215503908,0.20111684558428147,0.0,0.7376074025115664,-0.002824527077029697,-0.006770424950002054,-0.005842152038721246,True,1.1588922891989633,5.96,0.0,0.7699451008744491,-0.44946560239696803,0.5837631824483289,0.18048781936943628,2.2113533311236853,3.893130942500872
unseen_well,tr00015,2905,1906,1.2372638514984786,0.9906788317248783,0.11951484788248104,3.9271194250584562,0.9979636434797242,0.17730679542047073,False,2.580105494620973,1.3489255150210544,1.9127116107524307,0.9973129844429611,0.13381257202156785,0.09919937797268166,-0.521689997023172,-1.0,0.478310002976828,3.50920397838631,3.5258747314828014,1.6864611533114615,TVT+Z,-0.007284811754845966,160.75458636228123,2903.477960610519,24.993280434226186,-2.997565208108314,0.28316246056050076,8164.093695855656,0.0003531541568118063,0.22459703791494973,0.09436638001757792,0.021194409430704504,0.6556317785979481,True,0.0,1.0,201.0,0.006889736988219042,1.3848371346320274,12.0,279.75,70.0,0.5,0.019783387637600392,0.5263107335150009,False,0.5263107335150009,2.1740605686514667,0.9540415879935527,True,,0.9906788317248783,0.9818064585204154,0.9619147850773359,0.0,0.0010395947558155616,0.0017690063199996967,0.0016060601659847967,True,1.101457067092493,2.95,0.0,0.406680361601469,0.15359261647084474,0.37767404323634285,0.2385263737707074,1.3674747397405418,2.5144773968950034
unseen_well,tr00016,2815,3198,0.28689532459713973,0.8662299969735672,0.1049867231393339,8.457969857613666,0.41227156140954113,6.487629311133059,True,4.318871700917977,4.142116457899075,1.0426726879399606,0.429413312884657,3.264094032600079,0.7880256544635305,-0.9577048646911344,-1.0,0.04229513530886564,1.063314340783208,1.0339435731251285,0.043730783327059326,TVT+Z,0.45395843556402604,389.9461520131297,2813.9229229917028,7.186605422030841,-101.42554522277287,0.012520790539781501,7431.24058557293,0.00798671614881476,0.938249854036061,0.03907630914308413,0.03666334134976668,1.1363718223243429,True,0.09346416098453351,1.0,201.0,0.006762045201567091,1.3591710855149852,12.0,279.75,70.0,0.5,0.019416729793071217,0.04508927253080816,True,0.2,1.009872895715039,0.9138033391432706,True,,0.8662299969735671,0.9020760065129729,0.8368731477364004,0.0,-0.0008132492300900558,-0.0003360624390890958,-0.001266572689372702,True,0.2653321375937279,2.5,0.0,1.6419884285016375,1.4912500255033099,0.9081976459871396,1.3471867270958164,2.7357738329218813,5.231664770767107
unseen_well,tr00017,6347,2474,0.8008250668592497,0.9870175944933709,0.09126786803568478,1.799059860423445,0.3852319171189815,1.4109250103979794,False,0.9040096330971871,1.0591199968917417,0.8535478848008105,0.3481473442098133,0.7300463600830278,0.6892952283268519,-0.7939272735729833,-1.0,0.20607272642701668,2.112564932581247,1.9685380742386052,0.40566200803373836,TVT+Z,0.6017856773743894,90.87285363853297,6344.148338144375,75.87329692542822,-157.50503019196256,6.232035328130223,85158.8359343072,1.6046122131018577e-05,0.03655972770606614,0.08334513823941081,0.0030470755596573003,0.38973184813164446,True,0.1381929486452783,1.0,201.0,0.00658250711557784,1.323083930231146,12.0,279.75,70.0,0.5,0.018901199003302085,0.11375398195728706,True,0.2,1.1079762997577305,0.4005650241383191,True,,0.9870175944933709,0.67910502256334,0.5625160660924436,0.056588520614389654,-0.0002941252447283907,-0.0003044101890241304,-0.00014153113040707763,True,2.150835566342001,2.030000000000001,0.0,0.9039601582131596,0.7994822242670074,0.8844219703745886,1.4276794517753821,2.0559623283149615,3.4420549311804596
unseen_well,tr00018,5394,2393,6.951138586738627,0.999348974964915,0.17740897928348986,3.538635394797546,0.9703203925217657,0.6097975832065538,False,5.230924309517291,1.7485894094330368,2.991510918056725,0.9946112510743276,0.38409903468231293,0.21966222179445394,0.3270561603899404,-1.0,1.3270561603899405,3.8086636427178604,3.751834427887502,4.978894990291177,TVT-Z,0.02902858244314932,471.69130170074817,5392.596690432654,18.942680056011856,20.650565164928476,0.3237105992675424,52289.54101990264,0.00030891790453037147,0.31181509623692677,0.12203881656003379,0.03805354533030759,0.4431543876387553,True,0.6187235135482214,1.0,201.0,0.006819712276602274,1.3707621675970572,12.0,279.75,70.0,0.5,0.01958231667995796,0.3600069278030326,False,0.3600069278030326,1.0851097557673604,0.81661229042017,True,,0.999348974964915,0.09172833776971777,0.0,0.844128708733807,-0.002091221442763747,-0.0011477302094102292,-0.0011122280900469216,True,1.0319198190380265,5.5,0.0,0.6892874873092167,-0.5218265650384014,0.757052136657035,0.6803321806726734,1.9655470781046414,3.4481155438274627
unseen_well,tr00019,3456,1787,0.07306843962754132,0.9991145140953556,0.002175250299041788,0.7108039534303235,0.7651607332928233,0.3446067422431546,False,0.38583950879717194,0.3262184881211482,1.1827640763692162,0.8017178908027888,0.17188462807520055,0.5269003270328674,-0.8394843194144913,-1.0,0.1605156805855087,7.503846459373165,7.210138468283654,1.1573402833523079,TVT+Z,0.23395378080253226,511.5466542873169,3454.882226503926,8.725554807967926,-34.622349439206715,0.05444333596415163,13752.537874434856,0.0018367720902673064,0.00932259618538393,0.07212255681519986,0.0006723694730455179,0.5167797733157807,True,0.25538813656303644,1.0,201.0,0.006736523193331845,1.3540411618597008,12.0,279.75,70.0,0.5,0.0193434451694243,0.1278015528821081,True,0.2,2.1571670204986684,0.6058181876296713,True,,0.9991145140953556,0.8093898455097865,0.4833930735019243,0.02182428651371013,-0.003876958800932619,0.0003480373273109279,0.00025318734218794377,True,1.37462372448531,7.5,0.0,0.7021239281280807,-0.1014310800301559,0.14446321506315757,0.006276456124673082,4.382605433302164,7.266681865841627
unseen_well,tr0001a,4492,3811,0.266117433375593,0.978425279251669,0.03910128129137722,2.4152375035712312,0.9816364101813179,0.3274037931185925,True,1.3368885906266268,1.0792702348133458,1.2386968041028525,0.9868560704569056,0.15332144343088208,0.14206029081993374,-0.806054786292261,-1.0,0.19394521370773898,11.37433690698343,7.73436198391775,1.50004248786394,TVT+Z,-0.0032111309296488644,115.14181236365694,4490.272878496322,34.65516022142759,-156.00437775003226,1.0329591632671509,30195.15982548483,9.680924818335469e-05,0.038472411786757366,0.09453761233164348,0.003637089950959819,0.8484064162299616,True,0.0,1.0,201.0,0.0066484161214148685,1.3363316404043886,12.0,279.75,70.0,0.5,0.01909045200577698,0.034183415748542736,True,0.2,9.419339338472836,0.45118708987892564,True,,0.978425279251669,0.8989889931586097,0.838361809255071,0.009708737864077669,0.0011521558239242235,-0.0007390492612944982,-0.0008169933891213629,True,0.9045963787899314,9.5,0.0,0.7476879601153167,-0.5360496397083254,0.7169429873200712,1.7248752118205066,6.0921864794752745,9.372484402144767
unseen_well,tr0001b,3435,1410,2.433385220204708,0.9994473338258227,0.057231092885388746,5.178840654592604,0.9980029135089727,0.23153716784144,False,3.804783912046261,1.376407083830902,2.7642867845874126,0.9991615263619765,0.11022102211938563,0.08007879602930523,-0.3609159542040452,-1.0,0.6390840457959548,4.227342692254503,4.212089870257586,2.6918794355403763,TVT+Z,0.0014444203168499925,233.68588030291386,3433.8079892868845,15.271067605018475,-16.517126828302295,0.0844249037801319,13503.326393829879,0.0011844846191407027,0.19696848844681358,0.032234177957835675,0.006349117308680489,0.41047247735025133,True,0.0,1.0,201.0,0.0068231594739527335,1.3714550542644994,12.0,279.75,70.0,0.5,0.01959221506092142,0.701989610891564,False,0.701989610891564,1.2190311130086249,0.967098807243443,True,,0.9994473338258227,0.9903707406224905,0.9843104213889637,0.0,0.0011904551916018552,0.0014397777317908885,0.001380166848082302,True,1.0431910705516612,2.65,0.0,0.4003669951714264,0.21359420881089441,0.5334960458452354,0.18818374835040177,0.9423278886334369,1.8648709634489835
unseen_well,tr0001c,1682,2015,0.5209353742242696,0.9987099929084179,0.018726971339776355,6.090951351947156,0.8935428634944922,1.9891162650561685,True,3.280361631639371,2.8150947734704808,1.1652757351381475,0.9092531080437127,0.9890659502365752,0.35134374855069034,-0.8556150344321422,-1.0,0.14438496556785785,9.164843644359195,4.698216985052156,0.6783518976170805,TVT+Z,0.1051671294139257,221.32575584653875,1680.8821764366016,9.028895196014327,-100.29186546408546,0.015269823939831895,1584.659189877937,0.0065488639812765845,0.15154811225401205,0.025091814181795402,0.003802617072279541,1.1986143194394119,True,0.7016499864755207,1.0,201.0,0.006962810699086219,1.39952495051633,12.0,279.75,70.0,0.5,0.019993213578804715,0.07242145552627187,True,0.2,4.670844357644481,0.11209567888073363,True,,0.9987099929084179,0.29807762701264723,0.0,0.545409429280397,0.003044663829915502,-0.0050443648044214365,-0.005250127606686098,True,0.960808037884142,6.5,0.0,0.5412531747080244,0.35538163679996265,0.6565903968908285,0.7593477850871262,2.681278024311163,4.858792393833117
unseen_well,tr0001d,2753,1291,0.11432194422172366,0.9885699833780118,0.012228967518371764,3.9848164647791466,0.997675504121944,0.19222482409910455,True,2.0442564127684038,1.9408584701899476,1.0532743340983213,0.9977405234926779,0.0972245725984912,0.050093592135533736,-0.9491357040171907,-1.0,0.05086429598280928,8.578383546102895,8.383457543210834,0.426418665837191,TVT+Z,-0.009105520743932116,99.20408059551416,2751.332519910239,26.983298933397997,-159.6835511282269,0.31844116032107195,6949.046922240435,0.00031402975638944995,0.021670812402756274,0.02849196030538409,0.0006174439267647569,0.4691035853809525,True,0.8026706231454006,1.0,201.0,0.006738445634230317,1.3544275724802937,12.0,279.75,70.0,0.5,0.019348965321147053,0.3210456806870926,False,0.3210456806870926,6.598995056077026,0.1923002376512187,True,,0.9885699833780118,0.46667317754694193,0.0,0.3563129357087529,0.003648274136229125,-0.002363169776534782,-0.0024348052194943766,True,0.9705785734373976,6.5,0.0,1.805952789401332,-1.1690560020897194,0.6473347525752641,0.2466000725327602,6.25830833674381,8.364267230168446
unseen_well,tr0001e,4807,2414,6.105119353096575,0.9999463679755812,0.044724121183028896,4.114468195966177,0.8165883362933145,1.762636449019928,False,4.9109246698187965,1.7272765594863215,2.8431606061274097,0.9681641924172661,0.8765097868780456,0.5074519086501774,0.21088320485016457,-1.0,1.2108832048501645,7.103508743541795,7.111816165922846,8.611578751297866,TVT-Z,0.18335803168226672,178.32942815485416,4805.589829248072,27.2309308242774,11.424521973078672,0.4386474117607122,37007.61292370719,0.00022797353254315174,0.06752802219108144,0.020937617749546056,0.0014138759160197266,0.5022758835088623,True,0.0,1.0,201.0,0.006933134055362444,1.3935599451278513,12.0,279.75,70.0,0.5,0.019907999216112162,0.09236889516337954,True,0.2,1.1587975203024352,0.7972144618668651,True,,0.9999463679755812,0.9488259025964689,0.9382263127929286,0.0,-0.0026544288961274794,-0.0007479349275413726,-0.0009495011577922411,True,0.7877135497975107,4.57,0.0,0.49682380002768384,0.08432295396120568,0.16972406305114018,0.8837067055715797,2.1282434384883824,4.782447652705812
unseen_well,tr0001f,5575,2443,0.5470938926826457,0.9994638672816575,0.012671117099385537,5.880222926003052,0.9971695948077093,0.3129211942968127,False,3.210757087113147,2.6700572317843627,1.202504968392547,0.9977469068642492,0.15244525253086447,0.05709437637371817,-0.8312600486894618,-1.0,0.1687399513105382,3.557343500902318,3.5414129662691103,0.5975778514987583,TVT+Z,0.0022942724739482,162.2731891037174,5573.069036077322,43.47376569690864,-36.50031584143613,1.8358355069540266,57723.21334565793,5.4471111175923144e-05,0.009351860540461237,0.12748588561427376,0.0011922302231418816,0.43773455351352414,True,0.048391119980044896,1.0,201.0,0.006897568001368981,1.3864111682751652,12.0,279.75,70.0,0.5,0.01980587383250236,0.1152295715785922,True,0.2,6.398857456388439,0.7590169677197209,True,,0.9994638672816575,0.8745761800560824,0.786847109941493,0.0,0.0010081291514005416,0.0016367005919504856,0.0016426766121098448,True,0.9963620227406272,1.75,0.0,0.5009609690604883,-0.40802069371286936,0.8144760149240352,0.04761755622754493,1.3625753759994428,2.454315137768539
unseen_well,tr00020,5223,3391,1.8347084551450268,0.9997109940231446,0.031199327720494937,8.600804899192909,0.9994856806025401,0.19511035074173014,True,5.217252948453067,3.383825008261873,1.5418211449217194,0.9996097532936216,0.10309468541840693,0.030466908060166588,-0.6484973779624338,-1.0,0.3515026220375662,14.249867052460985,14.239804990473928,5.005328791455207,TVT+Z,0.00022531342060450044,387.0696086349227,5221.817066050951,15.922223746739574,-172.64380931080856,0.19866619318509038,47477.39339162597,0.0005033569043467475,0.06999761633450743,0.026046534975488755,0.0018231953620575908,0.6493397413064311,True,0.6816809844439284,1.0,201.0,0.006943069670299007,1.3955570037301004,12.0,279.75,70.0,0.5,0.01993652862471572,1.900558846358328,False,1.900558846358328,7.022850269764112,0.8242645866163131,True,,0.9997109940231446,0.07285149580549287,0.0,0.9150693010911236,-0.003063969741245034,-0.0022576568122473968,-0.0022433821506021995,True,1.0063630093701894,17.23,0.0,1.3172361524292275,-1.0892573042525353,0.8269263656662801,1.2725797552658578,4.930348125985199,8.173292891512304
unseen_well,tr00021,5107,2336,2.253361489685719,0.9847759288758334,0.27811464977832057,2.539595483287406,0.23887539325084894,2.216256505462127,False,1.6473113717410093,1.7464125673789033,0.9432544190937485,0.4709895003922303,1.1984928251786624,0.6862598492276174,-0.12639018688597764,-1.0,0.8736098131140224,9.68874750479472,9.681672950586567,8.458004496993016,TVT+Z,0.7459005356249845,152.57086055217385,5105.265199263934,39.26747795643988,2.2653113007090573,1.3925640320670425,44371.8509252729,7.180998338120633e-05,0.23567649960928222,0.0299627917812353,0.007061525885523306,0.4575021579881965,True,0.10842402257154374,1.0,201.0,0.006831188878574146,1.3730689645934033,12.0,279.75,70.0,0.5,0.019615270922762905,0.07559923920774628,True,0.2,1.3390706359018507,0.4532401394801712,True,,0.9847759288758334,0.6156239493363986,0.2846086300761983,0.06806506849315068,-0.005129589239878734,-0.0004638024796800686,-0.0009240199199744508,True,0.501939914556055,11.0,0.0,1.1354755395910905,-0.7010580489735491,0.6174136073649067,1.3583096870637117,6.4260518725907145,9.096928461086934
unseen_well,tr00022,2549,1811,0.3659850627661703,0.8996335122245467,0.11601481237162631,1.9521746708272898,0.9862749901835351,0.22883935948315404,False,1.1477862661569944,0.8093529471220714,1.4181529458048399,0.9905224773750433,0.11180575454714022,0.13814214792780263,-0.6977766285616688,-1.0,0.3022233714383312,4.359225806569654,4.350512881661388,1.3148266705815943,TVT+Z,-0.08664147795898847,368.6995550992347,2547.8997753927333,7.804991588460059,-90.9560129256811,0.02413779954549322,5516.972830246508,0.004142879710784202,0.7467317267936747,0.0621017057027623,0.04637331393625629,0.7103072204865889,True,0.0,1.0,201.0,0.006547733776393727,1.3160944890551391,12.0,279.75,70.0,0.5,0.018801349843644843,0.0689634521759431,True,0.2,1.087233280569825,0.13223786963655954,True,,0.8996335122245466,0.6969640282181206,0.6509007728670412,0.0,0.0011319614017273882,0.0011252383317509607,0.0010823344726043045,True,1.039640111474433,2.509999999999998,0.0,0.3855981936722024,-0.16535414805287177,0.4288250068760425,0.2875615623547795,0.9309815017660338,1.4881178992748971
unseen_well,tr00023,5494,2003,0.3910980078297028,0.9873696668874391,0.04396545902838461,8.294018765563315,0.6577796307027176,4.853293403075989,False,4.235536035933094,4.065966915253316,1.0417045008516044,0.668479463076261,2.4393954268604765,0.5999545686683233,-0.9565034390648856,-1.0,0.04349656093511445,2.2136904073712778,2.223710763559451,0.09672377072923354,TVT+Z,0.3295900361847215,108.02234266491234,5491.8703557138415,54.06037803893912,-154.4686668762821,2.874633760555298,55237.584409308896,3.4787040134351874e-05,0.025931064830659482,0.09014027134166747,0.002337433220014016,0.36432233656540175,True,0.5946378551420568,1.0,201.0,0.006933375599432523,1.3936084954859371,12.0,279.75,70.0,0.5,0.019908692792656245,2.394368741941981,False,2.394368741941981,1.4512027240594831,0.9235886443123665,True,,0.9873696668874391,0.6381027211582883,0.49012636421964173,0.0,-0.0019980524377388328,0.0006264125078971296,0.0018437471928931355,True,0.33974967409397805,13.059999999999999,0.0,3.111437233259317,-0.36781977065848903,0.11821539150034133,0.7299899604325759,3.080924224670578,5.36006064968802
unseen_well,tr00024,2089,1942,2.5301980107028044,0.9999080146559188,0.024284317174261896,8.14324807788031,0.8113232013539035,3.539720595762676,False,5.193801842157732,3.0629427092310832,1.6956901696217415,0.885082397572453,1.7619384062603172,0.5752436703925917,-0.5552298844819273,-1.0,0.44477011551807266,6.601427881937973,5.443679240151241,2.421185844485401,TVT+Z,0.18858481330201537,185.39674848916346,2087.795678990942,14.140964971455688,11.925230017352694,0.02374136952984429,3036.302631319495,0.004212056927646661,0.15760609642912735,0.012798671725642863,0.0020171486901564145,0.930130120218991,True,0.0,1.0,201.0,0.006807181546051311,1.3682434907563135,12.0,279.75,70.0,0.5,0.019546335582233048,0.1373246985882837,True,0.2,2.778997259691116,0.6354443942147199,True,,0.9999080146559188,0.8286175857101777,0.723545422617893,0.0,-0.005491044096647657,0.001693772066155893,0.0036626965264811486,True,0.46243854873315027,10.11,0.0,0.8246759684094402,0.25892804883724563,0.31397549917289624,0.21437974447300281,8.05508853496342,11.056796382946235
unseen_well,tr00025,5894,3035,0.19449350284342734,0.6560423875460986,0.11409539475573176,12.084145100224545,0.9988851454905233,0.4035855266775185,False,5.963777687508743,6.120910958095818,0.9743284501828534,0.9992576185384748,0.1625344999201234,0.026553972281715233,-1.0261632628629325,-1.0,-0.026163262862932468,15.22466747181315,15.239061735761405,0.3987035779771816,TVT+Z,-0.34284275794442476,265.5076942054345,5892.579859409426,20.557982642282603,-24.372740190831806,0.3462152908086864,68223.9248766689,0.00028883761825314227,0.19390767222384972,0.11186224767294273,0.021690948055988073,0.5146759900747155,True,0.5019599059245157,1.0,201.0,0.00708127862366581,1.4233370033568278,12.0,279.75,70.0,0.5,0.020333385762240398,1.7851817408280124,False,1.7851817408280124,2.25220195526591,0.992901603714325,True,,0.6560423875460983,0.04788885165140592,0.0,0.9172981878088962,0.005306706177745176,0.003704887053909173,0.003593043687124453,True,1.0311277503208511,21.5,0.0,1.917557570858943,1.293416238849934,0.6745123372074645,1.2470453880234527,8.600658206326688,13.763478190699406
unseen_well,tr00026,2392,2527,0.8913613262701344,0.9999898424809013,0.002842628617517231,1.2273386708350582,0.9863022459456823,0.14373469540107833,False,0.1791096564869593,1.05752652184318,0.16936658588456602,0.8391987872907611,0.07186810168451609,0.06795867545643774,-5.547297607736404,-1.0,-4.547297607736404,6.883883106715499,6.872219303411079,31.250026398241133,TVT+Z,0.013687596535219004,373.47736436746874,2390.895580077481,8.067546537990676,-176.61519609748257,0.016135650792836742,4558.99411083069,0.006197456878801194,0.022378289132122715,0.035357444081821454,0.0007912391066358616,1.0566943511312432,True,0.7741410855865013,1.0,201.0,0.006606591381334681,1.327924867648271,12.0,279.75,70.0,0.5,0.018970355252118154,0.1437802242322612,True,0.2,1.2378904212316657,0.24207637129609957,True,,0.9999898424809013,0.2960960117357628,0.0,0.5991294024535022,0.003957501889373043,0.0016038691988261354,0.0015278778631703967,True,1.0497365250767192,8.739999999999998,0.0,0.9758897396853224,-0.5900922966550917,0.6046710736454387,0.06121955572416377,7.317232989288939,10.146639774508422
unseen_well,tr00027,2822,1738,1.4136367980389213,0.986737856381381,0.1628829670507607,1.6573730893650767,0.7824123895564801,0.7735142718269274,False,1.5016161588969141,0.3431853557486293,4.375525160802004,0.9127237267144085,0.44385181139792546,1.2933296947642214,-0.08298957793112292,-1.0,0.9170104220688771,0.9918390994967439,0.8716992665160248,0.7993573123049904,TVT+Z,0.20432546682490094,425.6883498469285,2820.895152220585,8.341143685118892,10.909592130993165,0.011764505536689285,7486.860964001406,0.008500144752207032,1.5017195427921317,0.0058059920643183105,0.008718971748282837,0.6161035947031449,True,0.6596491228070176,1.0,201.0,0.006532055910719592,1.312943238054638,12.0,279.75,70.0,0.5,0.018756331972209113,0.021211618548340163,True,0.2,5.354878257776044,0.19131831563234333,True,,0.986737856381381,0.7228820154043948,0.060658220391269,0.12255466052934408,-0.0015516132511389658,-0.0009828966534705522,3.680106919256387e-05,False,-26.708372203195637,3.0,0.0,1.6446885346471896,-1.475500966829172,0.8971309374061449,1.2090478170627559,0.14619743510071573,0.4797775533799058
