well_id,valid_gr_fraction,missing_fraction,longest_contiguous_missing_gap,prefix_gr_quality,hidden_region_gr_quality,number_of_valid_gr_segments,signal_variance,signal_stability
tr00000,0.36908077994428967,0.6309192200557103,3050,0.25555752806817394,0.09261569637710378,3,18.032178757189033,3.5046061010259564
tr00001,0.9757309603605686,0.02426903963943139,210,0.9344705147686168,0.9595019566223937,2,183.38396095510848,5.653825308023965
tr00002,0.9529278550630864,0.047072144936913585,291,0.537394395508307,0.4943278829383375,2,39.159946438253115,5.689879403934177
tr00003,0.32319499715747585,0.6768050028425241,2381,0.5036316688683478,0.41083027588989435,2,22.732648425176233,3.1350646351968536
tr00004,0.31017091622303167,0.6898290837769683,4924,-0.022320301298606477,0.09070858439451648,2,85.52548448199238,3.2291864495600087
tr00005,1.0,0.0,0,0.2874469724131764,0.7738017566193324,1,32.03613391315566,5.803280628663109
tr00006,0.9680662329982259,0.03193376700177408,216,0.8647941403704467,0.4187828742828512,2,124.594059639161,5.579918952685305
tr00007,0.9107313575525813,0.08926864244741872,588,0.8366319729476652,0.9295295170865067,3,102.8964190865019,5.359480779942451
tr00008,0.8665785997357992,0.1334214002642008,419,0.5046208260777144,0.9438179182116871,3,147.19703415435134,5.389961327975371
tr00009,0.9297736506094022,0.0702263493905978,363,0.2369958134728889,0.7873380560245046,2,50.8830181946183,5.518230871474213
tr0000a,0.8871168701719412,0.11288312982805881,453,0.22806265110273954,0.30040840287790105,2,19.35448756658392,5.432341081922483
tr0000b,0.9094091903719912,0.0905908096280088,621,0.9066138655405318,0.24901263608019958,2,132.8328348013401,5.376569216743995
tr0000c,0.8490267447380915,0.15097325526190852,528,0.9667482708714621,0.9582379799196442,3,361.5877457556912,5.319604868898319
tr0000d,0.41070094156329395,0.589299058436706,3943,0.32665144643250443,0.9446639281494437,2,568.1168667597881,3.7071907764822862
tr0000e,1.0,0.0,0,0.368149026148324,0.5898829477261126,1,37.0274308892594,5.595044698750802
tr0000f,0.46334150994821477,0.5366584900517852,3938,0.22740231753541726,0.3953375669679099,2,176.39158008747842,3.8594987555457476
tr00010,0.36714255273812063,0.6328574472618793,2970,0.43571737329286997,0.5695454416410961,2,42.201798667219386,3.4283353304946367
tr00011,0.8728184553660983,0.12718154463390174,634,0.9834652696058942,0.8767254732512257,2,363.4587538639658,5.344252806557099
tr00012,0.9234125060591372,0.07658749394086284,373,0.9665322924129822,0.8769067829306726,3,224.90922367573674,5.442868076826612
tr00013,0.8805687203791469,0.11943127962085309,504,0.7242536233799791,0.9416494972938756,2,229.54043518778175,5.1436577433716355
tr00014,0.8605640460059871,0.13943595399401287,481,0.7993003145294777,0.647717715369122,2,110.48085835536388,5.3012306412952634
tr00015,0.4512442864398172,0.5487557135601828,4322,0.8358845131400449,0.454658882516039,2,44.97060676784503,3.7084459004126926
tr00016,0.33161099833917695,0.668389001660823,3622,0.47453078159369416,0.8811349934809987,2,359.3009717234391,3.3270650793177845
tr00017,1.0,0.0,0,0.9838290322145036,0.1667505994507172,1,401.57305237686563,5.700863100645232
tr00018,0.8227383863080685,0.1772616136919315,629,0.758554678560373,0.5322712594123925,3,35.46653372561171,5.193753761226109
tr00019,1.0,0.0,0,0.9800070332308669,0.5511732165719826,1,296.7432382612211,5.578387495362505
tr0001a,1.0,0.0,0,0.43789872754134734,0.9588862343428705,1,333.5804912479422,5.623114728984048
tr0001b,1.0,0.0,0,0.8557231057977749,0.34097477441390717,1,136.95399322135614,5.79571541652245
tr0001c,0.8940646130728775,0.10593538692712245,427,0.736222896500384,0.9837195783760668,3,660.1144721544207,5.449239700692951
tr0001d,0.9343185550082101,0.06568144499178985,324,0.9388587190898818,0.7158921574345851,3,119.82118803042235,5.530028439257508
tr0001e,0.9188644120384735,0.08113558796152653,523,0.10442265372640619,0.37897288681808244,2,19.835078741850175,5.441785054345063
tr0001f,0.8054164770141101,0.19458352298588988,505,0.8877332264227102,0.8496893717792184,3,203.32170906170484,5.192972767162065
tr00020,0.8020867297032931,0.1979132702967069,664,0.8968042196410653,0.8716640321896522,3,572.9998372755923,5.062606542297375
tr00021,0.9010912870258098,0.09890871297419024,446,0.33305606757141504,0.9787765305423038,3,318.466440724018,5.387535987907652
tr00022,0.9817535927660261,0.01824640723397386,113,0.2000717881393707,0.5528376428446055,2,21.947022806406867,5.613573103805281
tr00023,0.9423469387755102,0.057653061224489766,452,0.16475690893176473,-0.05425394897307991,2,17.563143880276698,5.5315556741423295
tr00024,0.8092095615192844,0.19079043848071564,656,0.9747481073842011,-0.09174042454721919,3,332.584665966973,4.9864702517545645
tr00025,1.0,0.0,0,0.950391010952168,0.9092327267384076,1,188.4185857979734,5.603830225202647
tr00026,0.8901098901098901,0.10989010989010994,660,0.3991629931152387,0.9127914693384434,2,76.34445246098898,5.214412087288107
tr00027,0.9780784166353501,0.021921583364649888,175,0.8663406679943878,-0.008663094298945625,2,103.15918507030189,5.543906809290709
tr00028,0.8152150879423606,0.18478491205763936,470,0.717006331857858,0.5463155631301224,3,41.37549508863257,5.053876651074437
tr00029,0.4805460750853242,0.5194539249146758,4566,0.936744854797786,0.10532681988436099,2,148.15911614187507,3.871689559319262
tr0002a,0.3857313989085585,0.6142686010914415,4615,0.9174149789172186,0.611487159956237,2,731.3868363711199,3.482370836612525
tr0002b,0.8978486535279073,0.10215134647209267,476,0.7177453575683894,0.8003530648003268,3,41.52740738543586,5.433571857128753
tr0002c,1.0,0.0,0,0.9806390938452048,0.8817117424376462,1,705.9819708177946,5.727309231384575
tr0002d,0.9759471781166483,0.02405282188335167,153,0.6315789325736593,0.29016906173985196,2,45.538806549664336,5.549581741407933
tr0002e,0.8972212326327039,0.10277876736729608,577,0.7233759652381165,0.9132267865067274,2,363.43009284549373,5.42733439789212
tr0002f,0.8414399560318769,0.15856004396812307,577,0.31704495180620573,0.42933288660666163,2,20.553074644049488,5.210310843202883
tr00030,0.37077084059993026,0.6292291594000697,5412,0.8330609991547505,0.25440040794090396,2,46.65578224729763,3.4702066556523845
tr00031,1.0,0.0,0,0.7090434122490208,0.5060264495337397,1,59.23742453466874,5.493238634055202
tr00032,0.9252821670428893,0.07471783295711065,223,0.3019378586897675,0.18315922405442595,3,18.271650762832962,5.460602134748066
tr00033,1.0,0.0,0,0.9424032991168952,0.9134406061374164,1,331.22550966506265,5.672918086138004
tr00034,0.9338002711251695,0.0661997288748305,293,0.2547152130681862,0.6992729133965659,2,23.91575672116336,5.444220944054719
tr00035,0.80414653784219,0.19585346215780997,514,0.9901787037286807,0.9850482332894578,3,818.69615778623,5.25861361151836
tr00036,1.0,0.0,0,0.9430440198929279,0.8527909936688765,1,277.11206963653035,5.797995222551928
tr00037,0.9262198706643151,0.0737801293356849,502,0.970264756892086,0.9788164552978225,2,375.57675975519453,5.4517517420815835
tr00038,0.9233639048655371,0.0766360951344629,493,0.24519450983316576,0.9168633335804964,2,93.00275656473082,5.5343802060452765
tr00039,1.0,0.0,0,0.8381267117975754,0.9948536076990079,1,556.6716784526463,5.631352631169388
tr0003a,1.0,0.0,0,0.7955735303736532,0.7895729919161841,1,47.2088771651605,5.6810726880065925
tr0003b,1.0,0.0,0,0.982519398607887,0.766591325435715,1,395.3062847835296,5.75556539668955
tr0003c,0.9337513061650993,0.06624869383490073,317,0.9542342397112775,0.08868080849323935,2,272.5063717078045,5.4641955940738525
tr0003d,0.983611442193087,0.01638855780691295,110,0.967073096310319,0.7860709127844936,2,255.3659171299096,5.565960548192219
tr0003e,0.9112185686653772,0.0887814313346228,327,0.687273223772817,0.511736946375359,3,27.455863812683578,5.43022458196834
tr0003f,0.9771454690892469,0.022854530910753068,200,0.7559745683779148,0.7890741567305717,2,177.91243685532353,5.601750880137031
tr00040,0.9821503277088273,0.017849672291172736,128,0.27567848927355953,0.8963643750165426,2,83.35477799829559,5.554700397765293
tr00041,1.0,0.0,0,0.892267787957511,0.3674101354568055,1,103.37761460007933,5.706104923269357
tr00042,0.9279487877962408,0.07205121220375921,529,0.6491826661344425,0.9507418251905535,2,121.775301258357,5.401720496061226
tr00043,1.0,0.0,0,0.8547063013357875,0.6194435955107477,1,90.65928151879676,5.670360674991179
tr00044,0.8821777966822628,0.11782220331773718,555,0.9784331855400658,0.9304912294555854,3,380.1906724111199,5.3375347588513415
tr00045,0.9744314967756533,0.025568503224346673,226,0.7724014764660005,0.8799967303697334,2,171.6545255732405,5.700565828419123
tr00046,0.2591070939468639,0.7408929060531362,2705,0.6239296987262971,0.20673694613582935,2,573.0887296705516,2.766971169235721
tr00047,0.9147494707127735,0.08525052928722654,439,0.9705062907762326,0.8433965890729139,3,257.5369564687441,5.369207356537346
tr00048,0.9046716316858497,0.09532836831415026,398,0.2922336708272745,0.32102338971202254,3,18.107977735348438,5.3525620473404185
tr00049,0.9624616956077631,0.03753830439223693,149,0.9816876506457866,0.9579710524406695,3,399.0257159836088,5.48746271591675
tr0004a,0.8441419802508674,0.1558580197491326,584,0.6758530637754876,0.25548699602812147,2,43.1535949501235,5.147707270897246
tr0004b,0.9014148103552077,0.09858518964479235,655,0.9389984431386856,0.34442908018433127,2,125.91690910607691,5.3497173774448985
tr0004c,0.27638495754144765,0.7236150424585523,3579,0.3691426050469495,0.2688589214413526,2,293.2410856589426,2.9632102607270014
tr0004d,0.8953171310017783,0.10468286899822166,569,0.703755324543576,0.7429702760348692,3,122.48111826178798,5.338792453392492
tr0004e,0.8392631388838722,0.16073686111612784,513,0.9855154865751359,0.9075862131520073,3,541.7495050992596,5.149990248146064
tr0004f,1.0,0.0,0,0.36996645341430134,0.3654716374622188,1,20.019118108043568,5.553520572596395
tr00050,0.460742444152431,0.539257555847569,3283,-0.03591108850296127,0.23253735933510153,2,16.388817056818596,3.8248457240532012
tr00051,0.924848721452274,0.07515127854772596,302,0.8291368907129487,0.8291687587596674,3,127.05632000296038,5.534449497803987
tr00052,1.0,0.0,0,0.9737066273525826,0.9281846289125825,1,719.9688601089582,5.579463000702511
tr00053,0.8740495223240398,0.12595047767596024,646,0.2163186657167922,0.2102283874453509,2,16.985542025029066,5.280862152096436
tr00054,0.8727272727272727,0.12727272727272732,541,0.9777079415406394,0.5920989142373104,3,342.68445595932525,5.2640933472857565
tr00055,0.8136781430129304,0.1863218569870696,687,0.9804831537803582,0.8470083992052596,3,467.2228938308527,5.094622453024953
tr00056,0.960546642899584,0.039453357100415976,332,0.983352423952858,0.9011814399522403,2,433.8779373035399,5.492923682427582
tr00057,0.9705813953488373,0.02941860465116275,253,0.7277506191628359,0.7509977493165373,2,41.485767705555375,5.564208686267177
tr00058,1.0,0.0,0,0.5606429467813183,0.3770022262395795,1,45.04228093537226,5.58856780125901
tr00059,0.3627254509018036,0.6372745490981964,3053,0.2961936840899259,0.15622002428584314,3,68.42235480116004,3.430410492185787
tr0005a,0.27907530981887513,0.7209246901811248,6050,0.46251174802032097,0.3919010038426509,2,21.50735817858386,3.0150396172109164
tr0005b,1.0,0.0,0,0.6139395555412549,0.14959204136691812,1,31.125852189982137,5.692087677569951
tr0005c,1.0,0.0,0,0.9809787452722658,0.9436390811127384,1,629.4579161460604,5.638065852493297
tr0005d,1.0,0.0,0,0.7937421513596481,0.8797416972164901,1,93.95532114182346,5.5659761569730035
tr0005e,0.35278946653997556,0.6472105334600244,4669,0.7798384583910201,-0.044606918577274654,3,53.93498965960062,3.374743461578845
tr0005f,1.0,0.0,0,0.9521157463712298,0.5632359849888582,1,139.7449865388068,5.655715405711901
tr00060,0.8525854879065888,0.14741451209341117,707,0.58708925471648,0.54873516441922,2,45.30743569502028,5.240552506085253
tr00061,1.0,0.0,0,0.9898835500866503,0.7523369589466611,1,727.9853818710706,5.603399026650704
tr00062,0.9216182048040455,0.07838179519595445,372,0.945461829869625,0.6417437362106374,2,366.33564728623867,5.406617294633697
tr00063,0.9135135135135135,0.08648648648648649,400,0.37770296135149045,0.5157119583126368,2,27.08262463553399,5.491552134713308
tr00064,1.0,0.0,0,0.9824866725607874,0.9656465338456413,1,493.4470045548816,5.597485030907692
tr00065,0.3744934445768772,0.6255065554231227,5248,0.4663181346946191,0.955850273931468,2,195.553267846314,3.4841580466934015
tr00066,0.8870523415977961,0.11294765840220389,390,0.874989432042951,0.9890451461832737,3,361.5738243488882,5.443270275818085
tr00067,0.8880413385826772,0.1119586614173228,455,0.8226927674896423,0.7797678162845789,2,69.07769191561002,5.207651913438621
tr00068,0.9446143391097519,0.0553856608902481,489,0.9409530826739062,0.3057306167572128,2,177.0217032103567,5.543146262374214
tr00069,0.898774550948464,0.10122544905153597,400,0.9859359783170492,0.6050574523263427,3,513.809669628945,5.302529877373865
tr0006a,0.26199856733524357,0.7380014326647564,3536,0.5411492165537616,-0.08928296765123081,3,143.2935617800625,2.979030712118527
tr0006b,0.3615597600369174,0.6384402399630826,2767,0.4089129640858442,0.23254656284113845,2,23.955340311365664,3.471740338173276
tr0006c,0.9136546184738956,0.08634538152610438,559,0.3487165163906466,0.4632095305541842,2,19.29317879634073,5.363510710798146
tr0006d,0.7259384023099134,0.27406159769008664,678,-0.0440295160803213,0.0958413094238106,3,18.278060592297205,4.817474021857936
tr0006e,0.9723600283486888,0.027639971651311157,234,0.23767577630981937,0.5147221283078585,2,28.427182101761968,5.507023050154921
tr0006f,0.8824561403508772,0.11754385964912284,698,0.9201128645613564,0.4779877973526289,3,141.25944380836944,5.303210615196701
tr00070,1.0,0.0,0,0.4506455616360115,0.24636777281831493,1,30.669368893766727,5.9235688148402375
tr00071,0.46663591635916357,0.5333640836408364,3469,-0.10609016094839818,0.24589701429714242,2,23.375130648366824,3.796498987873273
tr00072,1.0,0.0,0,0.8140311546529927,0.35224860452041906,1,46.36943694805201,5.621150267933718
tr00073,0.3403693931398417,0.6596306068601583,4000,0.10959618442950383,0.6301069596449574,2,59.82955679895602,3.2625029817650226
tr00074,0.7907894736842105,0.2092105263157895,603,0.4888266506249781,0.15778295649695867,3,28.39319114384056,4.933521269255941
tr00075,0.9290638203246608,0.07093617967533916,518,0.9662642361528253,0.8379019067052859,3,218.0526612869406,5.44925999996447
tr00076,0.9090327737809752,0.09096722621902475,569,0.4431032413948545,0.36889482869055756,2,28.820403698310212,5.41112006808748
tr00077,0.9423937360178971,0.05760626398210289,309,0.13105953807889031,0.11806162441347676,2,16.607886736691295,5.470170919785872
tr00078,1.0,0.0,0,0.96674824098622,0.985096551398779,1,578.7375596132597,5.613342289002422
tr00079,0.8832778394376618,0.1167221605623382,631,0.9646174120278964,0.3358892485745666,2,315.36916437990396,5.304449899948273
tr0007a,0.23167616427588916,0.7683238357241109,3910,0.7282028613956836,-0.2054399531215687,2,79.94161631633494,2.766390148398063
tr0007b,0.9220139389569815,0.07798606104301853,385,0.9280907275997837,0.6919748384071034,3,172.59762081208692,5.376038026038431
tr0007c,0.9698842922808686,0.030115707719131413,190,0.4732370364007571,0.5104644058957556,2,21.661128764375192,5.499040795051545
tr0007d,0.8645079365079366,0.13549206349206344,673,0.8556460796696054,0.8956403540554285,3,313.7528762412073,5.243836781155413
tr0007e,0.8604992657856094,0.13950073421439058,665,0.3301250614568913,0.36047338229998804,2,19.600735322262594,5.148372104839275
tr0007f,0.923587279798673,0.07641272020132694,492,-0.06007388409908519,0.13823629628170353,3,16.582137118853566,5.367819753086615
tr00080,0.805094130675526,0.19490586932447396,578,0.9677011726858489,0.25292886736755504,3,279.09718765855047,4.981213850948662
tr00081,1.0,0.0,0,0.9876362179389906,0.9757123718361874,1,930.0454735957577,5.614593745545458
tr00082,1.0,0.0,0,0.9570494310230321,0.9805584042935812,1,494.5086348169091,5.711780345451802
tr00083,1.0,0.0,0,0.9530256651571483,0.9394137468954964,1,166.1195169024531,5.667634154254552
tr00084,1.0,0.0,0,0.9720825400638955,0.642147055166574,1,317.6025799034339,5.68306719263697
tr00085,0.8835341365461847,0.11646586345381527,388,0.09660348418174522,0.43631066497225307,3,22.154273755598737,5.282728133938435
tr00086,0.9828597722305303,0.017140227769469663,149,0.6251297732824161,0.009052341149445592,2,25.251676583111454,5.586581629747267
tr00087,1.0,0.0,0,0.9619431227735459,0.589664820194499,1,287.93118826603046,5.758344789790292
tr00088,0.9470815752461322,0.052918424753867765,301,0.43388556897538477,0.32105519204969496,2,19.92849583097644,5.523670718984953
tr00089,1.0,0.0,0,0.8187235828677948,0.6092180977297771,1,52.86722966472339,5.587980620302861
tr0008a,1.0,0.0,0,0.7698466099408191,0.33403562415761184,1,48.5623125716237,5.587175374702577
tr0008b,0.940960809102402,0.059039190897598015,467,0.9787633335778018,0.8908775035251872,2,496.03115598048186,5.454532424900542
tr0008c,0.18381026037638568,0.8161897396236143,3166,0.24661839911306946,0.04325077218222022,2,26.63701851564045,2.364684268348311
tr0008d,1.0,0.0,0,0.918072593669336,0.8997003174819915,1,487.8103618394838,5.656799089811786
tr0008e,0.8707340324118208,0.1292659675881792,678,-0.19428378113609615,0.3444413066326142,2,20.76681500894993,5.327435064484999
tr0008f,0.9078365469662126,0.09216345303378737,521,0.9146061075712976,0.9059271186827463,2,407.87521579763916,5.3980963455563815
tr00090,0.9443405051449953,0.055659494855004654,238,0.8463473693143909,0.4474513666372682,2,42.435037062370014,5.4843092114423095
tr00091,0.9838768335555825,0.01612316644441747,133,0.9690283056892082,0.8709702381110237,2,202.13043371624173,5.60325660064978
tr00092,1.0,0.0,0,0.5365914265895911,0.8924797735837721,1,85.88810642009607,5.7008687624103125
tr00093,0.23232162720483077,0.7676783727951693,4831,0.13438183146405486,-0.016874105604273357,2,17.58176496048035,2.7029886218406842
tr00094,1.0,0.0,0,0.328532517159745,0.9385612108062517,1,79.05136708161538,5.7028374759666765
tr00095,0.31138676844783714,0.6886132315521629,4330,0.13787654511440453,-0.0685873495914148,2,17.359553715854165,3.131702956876738
tr00096,0.9215686274509803,0.07843137254901966,318,0.18556407792605406,0.2748688541634712,3,18.310838563535096,5.451998595425411
tr00097,0.4348370927318296,0.5651629072681704,2255,0.5781430782823652,-0.016880169686283097,2,24.862881789331578,3.7194216914020357
tr00098,1.0,0.0,0,0.6907580664111416,0.3105983380067383,1,28.27887982306617,5.613751279316184
tr00099,1.0,0.0,0,0.6069608166303028,0.786844670359488,1,168.03290689825545,5.593798186060543
tr0009a,0.9257738471257106,0.07422615287428935,470,0.8787413637394037,0.9743906632777982,2,252.92237270148428,5.386839231762589
tr0009b,0.2638608305274972,0.7361391694725028,6559,-0.06306692287569232,0.1563198891066116,2,169.37379532807273,2.903915857714165
tr0009c,0.9461310203149966,0.05386897968500337,338,0.9734951632700981,0.8825805049041636,3,441.91227236762546,5.58202935704908
tr0009d,0.9487891408298628,0.051210859170137235,332,0.6982207513031545,0.13428414451951626,2,32.30543516672127,5.614948908686808
tr0009e,0.205348233885452,0.794651766114548,3982,0.12902998105665456,0.2688649567171948,2,23.206591766124028,2.511669940268928
tr0009f,0.9152125829442124,0.08478741705578763,345,0.7632729285055873,0.7177827620163199,2,56.06324043913166,5.43869779879321
tr000a0,0.9226781217597393,0.07732187824026071,522,0.31283481650487394,0.8689165136018324,2,47.018511282760095,5.502987385189814
tr000a1,0.9747987861195408,0.02520121388045915,191,0.7553006018729388,0.7876399132827991,2,132.78326721613058,5.5547213218285645
tr000a2,0.2658153530016146,0.7341846469983855,4677,0.09385301815521137,-0.003632992233117319,3,454.6353987870046,2.8649238995702113
tr000a3,0.7985775971551943,0.20142240284480573,458,0.14732605645978036,0.44965967865032946,3,19.697672714722945,5.018388833645211
tr000a4,1.0,0.0,0,0.8976538796395908,0.9739027381454282,1,535.673817269084,5.8653751122810265
tr000a5,0.8645881805490926,0.1354118194509074,582,0.06419008694836974,0.5429782502785749,2,31.41722237119436,5.12712910200776
tr000a6,0.9568041571938941,0.04319584280610589,266,0.5459791443964298,0.8854216224348987,2,187.42105285720143,5.611441978158009
tr000a7,0.2568306010928962,0.7431693989071038,3808,0.8622657662786016,-0.28570555195208475,2,281.2392041826085,2.915258598240299
tr000a8,0.8887210473313192,0.11127895266868082,663,0.5485157743962366,0.4670317499570717,2,32.522385032688184,5.407573290517554
tr000a9,0.9813459268004723,0.01865407319952772,158,0.9158836716257142,0.948037387656688,2,159.85293840965386,5.664202619733418
tr000aa,0.8598353156450137,0.1401646843549863,573,0.7983910306303954,0.8931019495804602,3,69.9469562419661,5.336386664598744
tr000ab,1.0,0.0,0,0.9807691989827081,0.05537227017903431,1,519.641035820591,5.658050066628836
tr000ac,0.9622273452739848,0.03777265472601521,213,0.9634474923346219,0.49306626435554074,2,391.357327863704,5.50497257703391
tr000ad,0.8811711904253046,0.11882880957469544,319,0.2276576991526388,0.9678404248253343,3,131.5034419190776,5.415245496335837
tr000ae,0.9091196459617512,0.09088035403824879,383,0.9056950017411897,0.9661462020841998,3,339.6777272305585,5.356815227648212
tr000af,1.0,0.0,0,0.790669361049822,0.5912859882541004,1,39.257036709214056,5.622454153123406
tr000b0,0.2887232059645853,0.7112767940354148,3816,0.21959633327522515,0.5482534806022995,2,31.938504144604746,3.051027514661831
tr000b1,0.8978669558929863,0.10213304410701374,565,0.06257569214751786,0.517337607068601,2,26.234540750779466,5.369403297054274
tr000b2,1.0,0.0,0,0.44325064075794923,0.5364043398107211,1,22.174702504107273,5.697186971885978
tr000b3,0.2853380158033363,0.7146619841966637,4884,0.5311446900871215,-0.00152687068475573,2,23.60403785014963,3.0432863846997473
tr000b4,0.25622775800711745,0.7437722419928825,5852,0.5942502675731433,0.743992115096181,2,59.551225260504644,2.906807018431342
tr000b5,1.0,0.0,0,0.4438953535238557,0.5040000224136532,1,40.24438284663913,5.689110658461002
tr000b6,1.0,0.0,0,0.18225755614390154,0.7822206142572252,1,47.939502310333935,5.651855045612254
tr000b7,0.8823654995730145,0.11763450042698553,551,0.9815772089378249,0.7322104783530885,2,377.39725003632583,5.266241752763772
tr000b8,0.8665318503538928,0.1334681496461072,515,0.2730114029404445,0.7040560847056117,3,42.21473307881575,5.257189514016896
tr000b9,1.0,0.0,0,0.6848080252187885,0.9585277105860925,1,500.8451541339483,5.61456150800355
tr000ba,1.0,0.0,0,0.37504732657213175,0.5318580133891131,1,23.49196362315727,5.575455471056454
tr000bb,1.0,0.0,0,0.8576593575917251,0.1623173195317994,1,79.3251509896232,5.707885552745981
tr000bc,0.9486171761280932,0.051382823871906846,353,0.9746819344535254,0.3568621139540153,2,358.6368789923536,5.552548617971873
tr000bd,0.8511904761904762,0.14880952380952384,675,0.6082586256556262,0.4517083094080288,2,38.492182076534164,5.208087956589565
tr000be,0.8462664714494875,0.15373352855051248,581,0.5829686263828987,0.19459730497261865,3,30.06334562682565,5.279845274757451
tr000bf,0.8170493404982901,0.18295065950170986,382,0.4069485106373669,0.762901325816329,3,30.51046038414219,5.100435420264192
tr000c0,0.9192215898659812,0.08077841013401876,440,0.8545371945939785,0.7777073205693275,2,233.09140415158208,5.34738730473352
tr000c1,1.0,0.0,0,0.9685037160140528,0.9356587397201411,1,305.5911998925556,5.58651807887314
tr000c2,0.939940748720711,0.060059251279289017,223,0.9831767000477174,0.9490421253691129,2,1231.1130893400793,5.565190986050932
tr000c3,0.9099661258691388,0.09003387413086117,322,0.9311975462666484,0.6843148212707032,3,349.1559912736682,5.388503504464963
tr000c4,0.8418316831683168,0.1581683168316832,639,0.3064390266366097,0.444127308231174,2,21.15437367677156,5.144458471317545
tr000c5,1.0,0.0,0,0.8371051003586107,0.4330745531322371,1,49.02731443828037,5.659811900058292
tr000c6,0.9384264538198404,0.061573546180159644,216,0.15284070260940064,0.05613108725760152,2,18.913293509319143,5.491932477928224
tr000c7,0.9104234527687296,0.0895765472312704,330,0.5504504634741637,0.9592728461604386,2,218.58123935433125,5.389326531434775
tr000c8,1.0,0.0,0,0.683076312098982,0.9776946986671182,1,235.22101557766004,5.601380024082873
tr000c9,0.9752039151712888,0.024796084828711207,152,0.7922094752579596,0.598609615851521,2,40.196267374626714,5.502076711391558
tr000ca,1.0,0.0,0,0.6545704097634205,0.504337117109264,1,60.14703266444041,5.601637985954657
tr000cb,0.8435653737477524,0.15643462625224758,427,0.562377000053435,0.6767755889797099,3,49.60680322495896,5.283414559800894
tr000cc,0.33679217313963833,0.6632078268603616,4474,0.3246603288944807,0.551093336485104,2,689.0771707380171,3.3267231905624723
tr000cd,0.2721646294290577,0.7278353705709423,4704,0.9364230863955324,0.6003247346859347,2,391.5993090201828,2.889447012729028
tr000ce,0.9414552550878171,0.05854474491218287,420,0.9649277359504526,0.7123158548408945,2,368.4952572592618,5.479340448131686
tr000cf,0.42569156680479336,0.5743084331952066,5128,-0.054167530906853015,0.9767523732767308,2,285.03633936263157,3.710393254031585
tr000d0,0.9003496503496503,0.09965034965034969,627,0.9178305866308063,0.6878327180849018,2,482.2619876489613,5.3361680110697955
tr000d1,0.981069677272209,0.01893032272779105,166,0.9091643899506363,0.9674593279836489,2,149.20025961105992,5.699142910653009
tr000d2,0.37487465979086093,0.625125340209139,4364,0.5495276830046684,0.8888281903619158,2,1101.4080080768167,3.541212236014903
tr000d3,0.39310910582444625,0.6068908941755538,3699,0.18306926971548496,0.8028301543076296,2,55.37929054238776,3.658418401630924
tr000d4,0.866796027850702,0.13320397214929802,681,0.91955984870549,0.8373004355318048,3,648.6908082949233,5.290515509611718
tr000d5,0.8383317059562003,0.16166829404379968,675,0.9205477323025828,-0.055088071443607486,3,156.45913947640946,5.194901030792117
tr000d6,0.9156550528141258,0.08434494718587415,535,0.9884005301491946,0.9758355712272249,2,680.7355608635086,5.526641205197647
tr000d7,0.39160410602114293,0.6083958939788571,3971,0.17966827064841098,0.9198134854673286,2,827.6329025740721,3.472051212768238
tr000d8,1.0,0.0,0,0.9721194358113574,0.9905010805401991,1,598.971141274296,5.680069079611654
tr000d9,0.9389043912468791,0.06109560875312092,416,-0.0338525792442332,0.3937913070887902,2,19.309057622566062,5.513998394666505
tr000da,1.0,0.0,0,0.7522820684211933,0.669806639917557,1,36.989695326405126,5.67931179390526
tr000db,1.0,0.0,0,0.9734043708032294,0.8681292122912743,1,449.8518512624789,5.624692951468566
tr000dc,0.3100709902538804,0.6899290097461196,5734,0.13419876697356126,0.6508493574251618,2,43.515808842461844,3.08447656261151
tr000dd,0.8480547670729671,0.15194523292703288,629,0.8062691008398275,0.4367130557911531,3,49.738251536944205,5.163164927165214
tr000de,0.944695599758891,0.05530440024110905,367,0.23450905956915707,0.2809561241453004,2,18.080600001857583,5.416083721478971
tr000df,0.9822368421052632,0.017763157894736814,108,0.907913634427344,0.9187856646698445,2,310.0167315677146,5.596161912784032
tr000e0,0.20405138339920947,0.7959486166007905,3222,0.5629595622186053,0.08889943194153402,2,91.2935053118732,2.6385126324753156
tr000e1,0.9555078244860387,0.04449217551396134,290,0.3752640320183776,0.20317842994445867,2,18.236205468528617,5.524858828809698
tr000e2,1.0,0.0,0,0.6932983355850222,0.5817635154785904,1,33.594364762147165,5.699452168707601
tr000e3,1.0,0.0,0,0.6592793673308849,0.6517585535773781,1,54.43998731065646,5.637850214434005
tr000e4,0.7947489459563051,0.20525105404369492,603,0.9133956478264729,0.6941492474005971,3,69.81368817780141,5.023071311199686
tr000e5,1.0,0.0,0,0.8900705977314105,0.5415373624063234,1,60.24811851599659,5.617205294317491
tr000e6,0.8522544780728845,0.14774552192711554,689,0.39345915752408606,0.2885040913129287,3,19.182157666844958,5.274038289986722
tr000e7,1.0,0.0,0,0.9153791826236691,0.21541558168474612,1,128.18815097546764,5.717840350140263
tr000e8,1.0,0.0,0,0.2330395091355203,0.4577517991679659,1,21.533337947552088,5.739174830548725
tr000e9,0.9482001755926251,0.05179982440737485,354,0.9556927191100243,0.7201941182854323,2,361.50462215536163,5.527925598903841
tr000ea,0.2255558211809706,0.7744441788190294,6010,0.4667972073327862,0.4204108061238181,3,125.4648353912819,2.6560285673727853
tr000eb,0.9489808082012159,0.051019191798784114,428,0.30509726287277117,0.6608715374178568,2,36.82619589953942,5.435158492743847
tr000ec,1.0,0.0,0,0.9089286667467997,0.9166190851029774,1,107.34623287360662,5.65642125196636
tr000ed,1.0,0.0,0,0.9491934185310575,0.985992532688945,1,421.6838008268603,5.689102633846788
tr000ee,1.0,0.0,0,0.9735507154424717,0.9329724879139764,1,262.7750381932239,5.729461597505534
tr000ef,0.8381270903010033,0.1618729096989967,668,0.9371789959884206,0.8334308143142634,3,127.44008741479462,5.281164372840035
tr000f0,0.9698345292136477,0.030165470786352344,206,0.965312466480511,0.8636304676188149,2,605.7472370901068,5.624829894210639
tr000f1,0.9220591505448077,0.07794084945519231,480,0.8543441163982882,0.8931336758858405,3,184.6286962147902,5.383871313661912
tr000f2,1.0,0.0,0,0.8966843405790603,0.4451754326042658,1,189.64819374688756,5.430805791854041
tr000f3,0.4285063752276867,0.5714936247723132,3765,0.018398275869232587,0.10554500792597196,2,21.268123442889515,3.7534076308214477
tr000f4,0.3271186440677966,0.6728813559322033,5955,0.02463756419975597,0.02327147389574072,2,17.134749321499122,3.3464363138467554
tr000f5,0.8380281690140845,0.1619718309859155,518,0.8014951670324224,0.1387753722897723,3,37.56750821502026,5.328224239286824
tr000f6,0.886418666079683,0.113581333920317,412,0.9816319990832401,0.405105756547457,3,531.2324166847945,5.3531453130073
tr000f7,0.7253481894150418,0.27465181058495824,691,0.2174693419207386,0.03424509209739813,3,19.513050885439068,4.885517598250504
tr000f8,0.4049540773726691,0.5950459226273309,2138,0.35134205694944404,-0.08602396580573869,2,19.454692359686927,3.7587293465204548
tr000f9,0.46267971856836954,0.5373202814316305,3295,0.343112171039366,0.8356373140150006,3,90.61631243696279,3.8458798945882267
tr000fa,1.0,0.0,0,0.9072489014050742,0.46888535382958535,1,178.92193833576675,5.535098836315887
tr000fb,0.8574487065120429,0.14255129348795714,620,0.4508041822396302,-0.21893687285838423,3,21.817326958569417,5.227188662330939
tr000fc,0.3667924528301887,0.6332075471698113,3356,0.8313491697018354,0.08943978028552732,2,73.08873168982937,3.374034937097195
tr000fd,0.875319459656809,0.12468054034319098,683,0.7632584308755365,0.9740054802381615,2,316.92816770705645,5.26079371310504
tr000fe,0.4647741935483871,0.5352258064516129,4148,0.7661200597836658,0.6032277847672133,2,64.20132414943174,3.812041309206575
tr000ff,1.0,0.0,0,0.6477490534129393,0.642171846178057,1,35.35499262491583,5.753617646132725
tr00100,0.9657499363381716,0.03425006366182837,269,0.7896256989652274,0.4907546358224012,2,46.38503872827343,5.494236376984489
tr00101,0.825535561268209,0.17446443873179096,570,0.7505159169438731,0.7343543224471845,3,87.29067695814273,5.150986441705232
tr00102,1.0,0.0,0,0.9817331946910925,0.628113478140343,1,349.13386021895826,5.583286600599619
tr00103,0.8959731543624161,0.10402684563758391,372,0.9781102735289944,0.9218549555936209,2,307.8057012383815,5.611583855433535
tr00104,1.0,0.0,0,0.9060892212157924,0.5065222641993244,1,71.8719928190283,5.695945959891216
tr00105,1.0,0.0,0,0.8907210084570008,0.9702373871429943,1,959.987390425412,5.67735949860758
tr00106,1.0,0.0,0,0.510632270718694,0.9941038653061199,1,1013.0507472609455,5.743561459556443
tr00107,1.0,0.0,0,0.9503941921144505,0.608345273928872,1,337.2680195226277,5.714252798022495
tr00108,0.8416982323232324,0.15830176767676762,613,0.37125651672429283,0.1750466241000304,3,18.166727948101457,5.184230000904494
tr00109,1.0,0.0,0,0.3575363982367363,0.7558864145318267,1,63.99541351685742,5.70777825730277
tr0010a,1.0,0.0,0,0.8692082834617104,-0.07518896729140154,1,252.79847092704563,5.748062254921233
tr0010b,0.9288911845730028,0.07110881542699721,413,0.984344560446517,0.9491674661258516,2,881.6513948746347,5.445576933924896
tr0010c,1.0,0.0,0,0.4549707192972508,0.6768028541768388,1,53.86780912472164,5.584158509508248
tr0010d,0.8823838277763193,0.1176161722236807,448,0.2704929945678552,0.5837965854161523,2,27.738469647700075,5.308526326699249
tr0010e,0.9761161124379938,0.023883887562006212,130,0.8996321251006143,0.9570002748444677,2,315.0855020735257,5.555551460455635
tr0010f,0.9437148217636022,0.05628517823639778,240,0.3165434059478111,0.8777127408079951,2,95.93265369507355,5.446566328592864
tr00110,0.9379755591422643,0.06202444085773573,538,0.3768790571678128,0.49108917350054365,2,19.867393952671247,5.425642875164223
tr00111,0.2542372881355932,0.7457627118644068,6600,0.5848374881773174,0.43206338127027233,2,586.007815217932,2.8992877932544197
tr00112,0.8976460697772173,0.10235393022278272,487,0.6116500152115482,0.3666195343718167,1,44.387516051027696,5.477865911251999
tr00113,0.9847214458729271,0.015278554127072907,82,0.9183582087985531,0.6995842214096542,2,96.6879971622489,5.592772981889082
tr00114,0.8267867407549339,0.17321325924506614,542,0.16640708592167905,0.2729308190474153,3,27.436712348849245,5.119094082776207
tr00115,1.0,0.0,0,0.26904635191923926,0.9423785552653616,1,145.27599323429618,5.653041592383455
tr00116,0.44068671743900867,0.5593132825609913,3890,0.4969014033523598,0.35401784709832174,3,21.03882883380945,3.7555739505437375
tr00117,1.0,0.0,0,0.8352744115364505,0.6391270299675702,1,156.574823570358,5.632635926145638
tr00118,0.9503685503685504,0.04963144963144961,202,0.9011561277836362,0.4949647470328078,2,153.45564010060906,5.40945114908084
tr00119,0.9421957843010474,0.057804215698952555,447,0.9752254756131251,0.5305720344055491,1,508.43259419162126,5.421224662996453
tr0011a,1.0,0.0,0,0.376470670674553,0.12267991851980099,1,17.687205547005956,5.5506792983089355
tr0011b,0.4571593979158626,0.5428406020841374,2813,0.011020725441956081,0.5154655529997565,2,23.802776366603727,3.8106387653015834
tr0011c,0.9603174603174603,0.03968253968253965,190,0.7635942580760006,0.44153608886738094,2,63.132684758358565,5.524709792463362
tr0011d,0.9418933623503809,0.0581066376496191,267,0.9459873022926429,0.725877124850942,2,103.72816446975816,5.455797671418928
tr0011e,0.9243802167684066,0.07561978323159335,607,0.40605313950321503,0.4506988165240958,2,21.292001474334015,5.417314054590324
tr0011f,1.0,0.0,0,0.9891189136340393,0.7015510396398602,1,1273.758771619018,5.5859625444333645
tr00120,0.39602763385146805,0.6039723661485319,3330,0.18137056066672982,-0.053534054444539174,3,21.46730997930231,3.5859720698924957
tr00121,0.8415393322014714,0.15846066779852863,457,0.7527774546348759,0.8605899632883948,3,93.13473393160004,5.255729620494986
tr00122,1.0,0.0,0,0.7010622408348046,0.2611614551376166,1,28.45671947511421,5.654061912057311
tr00123,0.28857821155367974,0.7114217884463203,2343,0.33545620533841514,0.9691371759319181,3,70.59524157654579,2.988540356221415
tr00124,1.0,0.0,0,0.5546268951165739,0.9877436853884606,1,519.5603631216037,5.687133857355694
tr00125,1.0,0.0,0,0.15334618862998076,0.7137649037721924,1,33.29384644003755,5.581142017907571
tr00126,0.8920578332343039,0.10794216676569612,449,0.8111604322797313,0.8268188697761796,3,94.1818706668279,5.373211232418269
tr00127,1.0,0.0,0,0.264024062995799,0.1437567128357574,1,20.067515820091106,5.669587953818891
tr00128,0.9519230769230769,0.04807692307692313,350,0.795226304223797,0.6039123577073519,2,38.95248173982792,5.5251629411585395
tr00129,0.9073856975381008,0.09261430246189917,553,0.8442240330772545,0.44003574586208494,2,50.125810695426175,5.319334230232789
tr0012a,0.8513399153737659,0.14866008462623415,527,0.10039327269764463,0.047407822748271565,2,17.287959203805016,5.400011242783236
tr0012b,0.34084352246187666,0.6591564775381233,4798,0.31536558017893385,0.356750561925118,2,216.055284696483,3.3203978515757555
tr0012c,0.9735415591120289,0.026458440887971113,205,0.9157562817185458,0.4351079276468205,2,99.72358278992847,5.616846565706825
tr0012d,0.9376181474480151,0.06238185255198492,363,0.9849654249827133,0.7929207215437521,2,941.6626766013607,5.480301757327193
tr0012e,1.0,0.0,0,0.09726732563841417,0.47215237902171137,1,19.67915864112603,5.706410122819914
tr0012f,0.4,0.6,2781,0.985967905140667,0.9690736854808378,2,599.4122531841352,3.5420337820293994
tr00130,0.8984228815824645,0.10157711841753547,380,0.34150889423419395,0.18353589029520154,2,24.615949548766473,5.495178205628965
tr00131,0.3140707085048985,0.6859292914951015,4307,0.22644744205587336,0.12010186179471023,3,47.15065041790168,3.163290123027207
tr00132,0.9480348193088894,0.05196518069111056,197,0.32873156028314754,0.48312440302482706,2,29.121113418858716,5.60446633256497
tr00133,1.0,0.0,0,0.8505411251156377,0.7550805812083844,1,50.222250342156535,5.690112576488825
tr00134,0.8101545253863135,0.1898454746136865,602,0.8128372403375542,0.25771927107319276,3,52.6004944217945,5.077684657632954
tr00135,0.9609019445593712,0.03909805544062883,189,0.9179476436573782,0.9689725749390782,2,489.1669234915465,5.641631073225577
tr00136,0.43682008368200836,0.5631799163179916,2019,0.8632143195358487,0.6307667802480471,2,120.84955083835604,3.5447738394882875
tr00137,0.7729631551634665,0.22703684483653352,680,0.7983101847142122,0.2090835240917153,3,142.50208801126854,5.048035109452779
tr00138,0.891042345276873,0.10895765472312702,405,0.5825836254599714,0.5705984720016787,3,37.16462603057109,5.327257809346484
tr00139,1.0,0.0,0,0.8937854884467443,0.9787591295317514,1,290.9034495675929,5.557084731711335
tr0013a,0.9269903605855052,0.07300963941449479,409,0.6128878123384361,0.4369103408363372,2,29.123023316324502,5.513011245218614
tr0013b,0.8991727797721243,0.10082722022787571,552,0.9829768081774652,0.7443925326553882,3,442.13749390120245,5.3083180011236495
tr0013c,1.0,0.0,0,0.9513767333509313,0.9540176757158839,1,648.289992090131,5.732751671553315
tr0013d,0.9159132007233273,0.08408679927667273,525,0.7561712179308764,0.578655151948718,3,46.76673245357671,5.492573652961228
tr0013e,1.0,0.0,0,0.6957257251989437,0.822354486114409,1,38.23857239364968,5.6381722676652695
tr0013f,0.45187413234613605,0.548125867653864,2369,0.7018865245589133,0.002165523742360026,2,39.15992883210219,3.8028965744287277
tr00140,0.9363277983514514,0.06367220164854859,533,0.8816042009914918,0.6164792964001669,2,58.66315004421493,5.370439472298696
tr00141,0.9236650949407417,0.07633490505925833,599,0.9397110083531288,0.43366650022093145,2,184.3457882613877,5.449191836107221
tr00142,1.0,0.0,0,0.817667839792511,0.9734887787116332,1,382.51245195390067,5.648708135342145
tr00143,1.0,0.0,0,0.9860563648846199,0.9726733988523878,1,512.4252884922217,5.707400778609297
tr00144,0.8630289532293987,0.13697104677060135,635,0.7179247600707449,0.48452448087406347,3,44.35720799754843,5.198331763989398
tr00145,0.8991723100075244,0.1008276899924756,402,0.6975685392064643,0.45806067785067667,2,31.759557831868687,5.29651348259478
tr00146,0.9391794279110084,0.06082057208899161,421,0.785933971435886,0.8712674571118375,2,151.70026447656537,5.4746900401898815
tr00147,0.2879240639831253,0.7120759360168747,4051,0.5860042580961567,0.4706768062767804,2,22.456304580245693,3.0646330136194275
tr00148,0.2945340149429807,0.7054659850570193,3588,0.033221220309546586,0.10730851384295555,2,42.13903848994037,3.105362285820404
tr00149,0.9209885137486947,0.07901148625130527,315,0.9785625952379533,0.7732560465449557,3,715.818799019019,5.333539169945482
tr0014a,0.8955157941241441,0.10448420587585594,473,0.39006695381179574,0.869970915733825,2,87.86436571823631,5.472573318080985
tr0014b,1.0,0.0,0,0.9056683738032534,0.5732843527350362,1,79.41965806124585,5.630014113627846
tr0014c,0.9433819828887771,0.05661801711122294,225,0.8764018675109537,0.7111320047882971,2,155.62341530004676,5.419743457871578
tr0014d,0.9535446939674153,0.04645530603258474,211,0.9816410781525589,0.6698041300433105,2,483.09147670317424,5.621981177490693
tr0014e,0.8574952041655248,0.14250479583447517,520,0.20874725859043305,0.012681831484915987,1,18.539778245548224,5.236443561052158
tr0014f,0.257954406924296,0.742045593075704,6087,0.11008765569042897,0.04811118108725231,2,15.94092171292942,2.847329497773623
tr00150,1.0,0.0,0,0.27145435217273084,0.8924607212839212,1,92.3433339676132,5.623439162823766
tr00151,0.8756464774163889,0.1243535225836111,581,0.9357492958119712,0.2653441594504317,3,146.17874321195242,5.353234008505111
tr00152,1.0,0.0,0,0.9875071465787564,0.9847227715706867,1,889.3070980712994,5.722063507419961
tr00153,0.9031537817471392,0.09684621825286077,694,0.7840886277794188,0.7192280183185522,2,158.52890329299257,5.343534262182276
tr00154,0.8213627992633518,0.17863720073664824,561,0.4331524255532193,0.9068948896183122,3,59.73494075098812,5.253595299576985
tr00155,1.0,0.0,0,0.5998917717095318,0.9438523231412017,1,109.58876742709252,5.697563849581801
tr00156,0.45929816185247074,0.5407018381475293,2100,0.9594943912801462,0.8709719263090229,3,83.11735157597762,3.849163042209011
tr00157,0.9488073394495413,0.05119266055045868,279,0.6396564717695206,0.938977630314547,2,140.1679389380508,5.571030923368382
tr00158,1.0,0.0,0,0.9341481349021561,0.9669136114556642,1,297.84534115348623,5.685911463570331
tr00159,0.8687332567929583,0.13126674320704168,533,0.8318542838060722,0.4739858472092477,3,46.444247431694485,5.278435510474126
tr0015a,1.0,0.0,0,0.8488615383398468,0.21479221351363403,1,48.90516505697931,5.709931679980921
tr0015b,0.4855757862378813,0.5144242137621187,4351,0.9279507814019983,0.267616031206243,2,1007.2236654741804,3.855250069775456
tr0015c,0.9637144903318214,0.03628550966817856,152,0.8401335476409014,-0.022731877495034438,2,53.13423946779449,5.538218700881107
tr0015d,1.0,0.0,0,0.9075263520512711,0.7922789757709234,1,111.7515956971288,5.546532616160532
tr0015e,0.23548313059444573,0.7645168694055543,3331,0.08535544527161865,-0.024466432017847536,2,15.844036863371722,2.572337816520632
tr0015f,0.8847631241997439,0.1152368758002561,450,0.9117934211133666,0.4355255661184151,2,511.54643898525535,5.419497276999807
tr00160,1.0,0.0,0,0.8447806113433708,0.9284605270782356,1,357.1613747237437,5.602150938962782
tr00161,0.8615474112856312,0.13845258871436883,603,0.6728557284944223,0.46191435673882225,3,28.26653498993562,5.267005184495841
tr00162,1.0,0.0,0,0.910541799166064,0.9128355159562951,1,375.5477132025141,5.5627347603211525
tr00163,0.9086474501108648,0.09135254988913522,471,0.9579604468663874,0.674584870177001,3,342.64468904907085,5.398379333286599
tr00164,0.9569260890846794,0.043073910915320646,352,0.9165768620967719,0.282704686065257,2,204.1363997563596,5.508272331257063
tr00165,0.8733681462140992,0.1266318537859008,582,0.46059170981334446,0.3766524052675657,1,21.20594594161224,5.361774674822583
tr00166,0.9327600789399493,0.06723992106005072,350,0.9776029041057884,0.1783913404682989,3,899.8789470365934,5.621773614802167
tr00167,0.8603603603603603,0.13963963963963966,618,0.96954030423233,0.2682904169791469,3,231.7178354051738,5.221565913753955
tr00168,0.9629168396291684,0.03708316037083159,268,0.7669820397185685,0.6767691468821087,2,79.70388187492215,5.517914622883733
tr00169,0.8579665307270427,0.14203346927295735,695,0.7129058174689445,0.9215943952294707,3,113.54754894092692,5.207037005305089
tr0016a,0.8772655007949126,0.12273449920508739,603,0.8020990884628364,0.9468431017879819,3,91.20739355677189,5.351596599630915
tr0016b,0.9395520098189629,0.06044799018103708,394,0.9769452253834253,0.3912866668267813,2,392.8262738407713,5.540521828868271
tr0016c,0.9136406396989651,0.08635936030103486,459,0.7664962336853969,0.44214500246856636,2,36.894053551265735,5.369531048089649
tr0016d,1.0,0.0,0,0.567736959213922,0.982712943110789,1,309.50154286030414,5.606921520947756
tr0016e,0.322007200720072,0.677992799279928,3013,0.09207273798860698,0.187042929767457,2,51.37788104021328,3.2648281975236775
tr0016f,0.8923386196113469,0.10766138038865314,499,0.9827624708739863,0.9859894387917668,3,542.4486729203501,5.3305716005295825
tr00170,0.9223563321923978,0.07764366780760223,431,0.733969196722656,-0.0314258639304864,2,113.5982376905633,5.491778908152137
tr00171,0.9220462850182704,0.07795371498172965,640,0.9432607339655208,0.8645368490754068,2,316.8617166798964,5.422206908946257
tr00172,0.9144528393858152,0.08554716061418477,351,0.797521946098564,0.14471973476838962,2,67.58747300955082,5.485648692125519
tr00173,0.9140055651252154,0.08599443487478464,649,0.9761684315629949,0.8553087340194998,2,854.353581233653,5.351102295923879
tr00174,1.0,0.0,0,0.8918024593317612,0.34772476928062096,1,122.97678745819415,5.671975739015156
tr00175,0.33234993759219333,0.6676500624078067,5370,0.7780038674975313,0.5329964072306579,3,89.31605090206968,3.277593967023588
tr00176,0.9674607072691552,0.03253929273084477,265,0.9688110288034448,0.4907669230006723,2,478.0110169890851,5.642517013515448
tr00177,0.8752052545155994,0.12479474548440062,422,0.1433257616250582,0.15333684065639136,3,17.45903340230767,5.240936719875657
tr00178,0.957076923076923,0.04292307692307695,279,0.5501671345386269,0.5737821903698966,2,55.13100564125636,5.618783453570117
tr00179,0.9362490733876946,0.06375092661230541,295,0.784240984381428,0.9620866525414986,3,414.63875339092476,5.494132921840892
tr0017a,0.8722151495862508,0.1277848504137492,610,0.9476027688019842,0.10236353198601021,3,405.1019291757934,5.304531654697605
tr0017b,0.9463533018265423,0.053646698173457685,246,0.16024281485711542,0.26427691432700867,3,17.034674119894554,5.515222672385977
tr0017c,0.909499867689865,0.09050013231013498,197,0.9466294581152382,0.9268549751952805,3,162.1175095860013,5.503178685489381
tr0017d,1.0,0.0,0,0.7194561222031629,0.16122863136581625,1,33.01652263684574,5.755800345108322
tr0017e,1.0,0.0,0,0.3605703973503462,0.6273572386374752,1,30.543008934567105,5.684466270895517
tr0017f,0.9412547107071603,0.05874528929283973,265,0.651612372067986,0.6101773685879545,2,29.275351384098737,5.482186915957104
tr00180,0.9703815261044176,0.029618473895582365,118,0.5442548821854452,0.19540995429267985,2,21.152295891905545,5.606913546779782
tr00181,1.0,0.0,0,0.9902490586045639,0.581381021786598,1,591.0671322734868,5.60013561428316
tr00182,0.9699488491048593,0.030051150895140655,235,0.7886449529116913,0.7555845939870087,2,47.99083541321907,5.705879251574629
tr00183,0.8685213414634146,0.13147865853658536,532,0.7280716541052651,0.6972202603721382,3,40.3959833941038,5.178944494754039
tr00184,0.8223666395884105,0.1776333604115895,505,0.7054515491529271,0.2085808741749472,2,38.937244989642736,5.277361469277408
tr00185,0.9751662971175167,0.02483370288248332,112,0.9283022736743481,0.7546631785839093,2,241.05146077782004,5.620110154221107
tr00186,0.49651245551601425,0.5034875444839857,3537,0.5314177712252052,0.8848971225141001,2,98.3349634960537,4.029114303283728
tr00187,0.2797971259509721,0.7202028740490278,2556,0.4371072627294883,0.06591700275422303,2,19.641350990117317,2.9858933843799584
tr00188,0.9578367103694875,0.042163289630512524,283,0.6901756389848301,0.7119447472058439,2,69.53600403497305,5.564414301540352
tr00189,1.0,0.0,0,0.7151091905446393,0.3862227328550932,1,31.861706345450763,5.62125971998449
tr0018a,0.831152801777339,0.16884719822266103,684,0.9297514927383596,0.06030264410687903,2,91.33260331324186,5.1604641346350455
tr0018b,0.9180248702161052,0.08197512978389476,344,0.9744628753167648,0.7537736459675194,3,254.04014189541283,5.379456400103962
tr0018c,1.0,0.0,0,0.9839405064689863,0.9583121816169904,1,441.4045320007957,5.654507148285794
tr0018d,0.25,0.75,4068,0.09666020742482041,0.13606766643452387,2,17.47234388549229,2.8235125450655785
tr0018e,1.0,0.0,0,0.38548907776216573,0.16991651684672454,1,17.96345264617381,5.579005821310513
tr0018f,0.882638010956595,0.117361989043405,557,0.9242240323749001,0.23964928692740048,2,138.88524183476312,5.3376300084674355
tr00190,1.0,0.0,0,0.7398986337481941,0.22242460269402642,1,51.02240043845283,5.636268235415864
tr00191,1.0,0.0,0,0.936440073428444,0.7888746939901785,1,359.5518286938854,5.620389734737017
tr00192,1.0,0.0,0,0.8690316209378794,0.3922017720083307,1,170.8233762110489,5.590663898825157
tr00193,1.0,0.0,0,0.9234295768492806,0.6829025960930308,1,102.61817518031152,5.526139916320964
tr00194,0.8254148670152307,0.1745851329847693,405,0.4729810051368985,0.0396589364190647,3,23.237974837203698,5.268440052600769
tr00195,0.4218694043213561,0.5781305956786439,4843,0.4167041381723004,0.8599475931461704,2,489.8855620219313,3.696287062023662
tr00196,1.0,0.0,0,0.40670709676414085,0.7897459529670893,1,34.828359460033404,5.614260325526228
tr00197,0.41776249241351404,0.582237507586486,2770,0.40706652091546225,0.36820581478925324,3,22.792221935509268,3.643123528852654
tr00198,1.0,0.0,0,0.7915921531981349,0.33914335674000506,1,54.10250090830913,5.687741466546327
tr00199,0.8786343612334802,0.12136563876651985,551,0.946095374163794,0.8730789281869626,2,418.50626613003925,5.381447243499118
tr0019a,1.0,0.0,0,0.3778787907287015,0.8076589945023324,1,54.13626836525293,5.715483871448335
tr0019b,0.9321279179597896,0.06787208204021045,365,0.6360790464377324,0.8013624035386856,3,114.009143097483,5.464079720491583
tr0019c,0.36670780623264426,0.6332921937673557,4105,0.29397245292658913,0.07402124623061553,2,54.63824612379745,3.4988582427451442
tr0019d,0.9437751004016064,0.05622489959839361,294,0.14548915458290979,0.18837517819285454,2,17.05678845519958,5.483070464038398
tr0019e,0.9400250941028858,0.059974905897114184,239,0.600144611380935,0.6908926488252639,2,49.3161277532256,5.441148072131018
tr0019f,0.47274554132127605,0.527254458678724,2099,0.2285891136545788,0.10951832459850816,2,30.154293743092786,3.830408220107362
tr001a0,0.9599847075315407,0.04001529246845925,314,0.9728616719632357,0.27679269408252055,2,214.66315295609783,5.5543611050644435
tr001a1,0.22784953546340359,0.7721504645365964,6815,0.2535923794987379,0.5403657072941048,2,375.39112386208126,2.720677037464849
tr001a2,1.0,0.0,0,0.9429050591058981,0.908040579843194,1,122.01232960031936,5.5884145550235
tr001a3,0.2678180491364631,0.7321819508635369,3010,0.37960498382080027,0.18490897215662905,2,54.480905980394475,3.018451022769636
tr001a4,1.0,0.0,0,0.9632704591201898,0.6961805778663828,1,164.52869491559306,5.622657506147082
tr001a5,0.3038461538461538,0.6961538461538461,2715,0.027031736821910356,0.5086229876886423,2,24.29060300117712,3.1771913852180687
tr001a6,1.0,0.0,0,0.07431069455202081,0.07734426390743876,1,16.163928716350572,5.5413950451102245
tr001a7,0.9395330535152151,0.0604669464847849,263,0.981945744197404,0.9141189791662655,3,348.181633348836,5.479852771613586
tr001a8,0.8679769280068361,0.13202307199316388,618,0.858664535562018,0.684006611764529,2,71.85494868480974,5.2702142939436625
tr001a9,0.9720642768850433,0.027935723114956734,226,0.15232258899238985,0.9851530337683558,2,520.6912572621249,5.5430010899875235
tr001aa,0.9366578516559627,0.06334214834403729,258,0.003757893724671301,0.1791514221132078,3,17.26052977251457,5.508653657070122
tr001ab,1.0,0.0,0,0.9896226362818021,0.8054617610517919,1,583.4612150287265,5.656054762065997
tr001ac,0.4712205270457698,0.5287794729542302,3050,0.7313003317006639,0.9016215204348486,2,124.13129296629364,3.9200426645129216
tr001ad,1.0,0.0,0,0.6417983344935875,0.4543503173188918,1,27.310862245634674,5.637781955463291
tr001ae,0.8577254191209787,0.14227458087902134,628,0.5670668844683683,0.7166147971398633,2,125.52578441826489,5.294605665082433
tr001af,0.3664703844821614,0.6335296155178386,5487,0.8494336307710708,0.32380627164860065,2,61.69465650524342,3.3573922891528465
tr001b0,0.23694121499918128,0.7630587850008187,4003,0.16473672177398366,0.2711890134838879,2,22.327387740125847,2.821582369999523
tr001b1,1.0,0.0,0,0.14512660521459042,0.13776976059142898,1,16.176541338748915,5.57002595000732
tr001b2,0.8909181264753385,0.10908187352466148,484,0.9853101073218856,0.6543264406037468,3,410.70501349776805,5.330307316070061
tr001b3,0.22508911899507725,0.7749108810049228,4327,0.48230739808938444,0.058623301314847685,3,18.9623858224902,2.7111708937111185
tr001b4,0.2019277108433735,0.7980722891566265,4968,0.17468976123877555,0.7025828530881806,2,401.8480744203334,2.608031712574817
tr001b5,1.0,0.0,0,0.9794831771600216,0.9872151354116069,1,569.2025631416941,5.684525761771213
tr001b6,0.8676187419768935,0.13238125802310652,570,0.9901958330543156,0.3756403734352707,3,893.8359383968462,5.3908818333673
tr001b7,1.0,0.0,0,0.9550069450246991,0.5475645340215575,1,480.9160373342258,5.740113306117342
tr001b8,1.0,0.0,0,0.984416995696436,0.9755161184034479,1,562.4634824243177,5.606711284388359
tr001b9,0.8701329534662868,0.12986704653371317,547,0.25449377235541826,0.9242242004381139,2,95.44611358246985,5.265527598304223
tr001ba,0.8229095074455899,0.17709049255441012,579,0.6839875163667373,0.8382010401055227,3,43.2239847862054,5.000344217232187
tr001bb,0.29865071637223534,0.7013492836277646,4717,0.9550639495912155,0.05535919563541285,3,611.8661018055757,3.123452180557421
tr001bc,0.9674362089914945,0.03256379100850548,177,0.9600886213189749,0.8911369962790882,3,348.65628816418507,5.570245391175171
tr001bd,0.8958546571136131,0.10414534288638688,407,0.9236301390231587,0.8291297412720849,2,98.5032637137512,5.338662076299889
tr001be,0.8679691388750622,0.13203086112493778,602,0.9709436644175355,0.8638980634932455,2,1052.5535418775048,5.3029582187434885
tr001bf,1.0,0.0,0,0.9628769078419448,0.21639783282565306,1,335.1096617978843,5.676162312016777
tr001c0,0.9266833879992282,0.07331661200077177,380,0.8995540449901998,0.20367431740142716,2,110.84203822262421,5.417606662135222
tr001c1,0.25521641662355576,0.7447835833764442,4319,0.20512949495484675,-0.06357571980476118,2,23.590900345014205,2.9616276086049003
tr001c2,0.8168868168868169,0.18311318311318314,391,0.9579119464311354,0.8423118909405469,3,563.6980952428446,5.1522872505207715
tr001c3,1.0,0.0,0,0.9627032784175575,0.9739068279046781,1,417.99544424568273,5.6714155059820754
tr001c4,0.8914048796045287,0.10859512039547126,681,0.47265019713980694,0.9777987489332902,2,658.8764605124977,5.397531780847377
tr001c5,0.9605418138987044,0.03945818610129559,335,0.8823386303669308,0.901940261623967,2,87.22087029950004,5.54027003308489
tr001c6,0.9492983250339521,0.05070167496604794,448,0.8281590581371487,0.8906787341201082,2,70.82357282466431,5.485006155759641
tr001c7,0.803844173674275,0.19615582632572504,668,0.7793875669726852,0.7138989333194544,3,38.1215257045309,5.019326298515172
tr001c8,0.8944404069767442,0.1055595930232558,581,0.6326994206171642,0.9766039750127187,2,530.3327005694982,5.387008154367144
tr001c9,0.9742004837409298,0.025799516259070177,192,0.9158183116438444,0.5611026843670641,2,161.91500898810762,5.537804383771302
tr001ca,0.8505528680027643,0.1494471319972357,454,0.7092335085065996,0.8293040234956038,3,84.0377266794086,5.208204679275849
tr001cb,0.8658764815970056,0.1341235184029944,418,0.9667292839510674,0.8797702707944396,3,628.2018550169807,5.031119460264432
tr001cc,1.0,0.0,0,0.44367598348016735,0.9169779389214311,1,151.4632173334792,5.663476375077168
tr001cd,0.9198572800878276,0.08014271991217237,409,0.8183894182741497,0.27894181424460646,3,48.987431971661316,5.413725255923033
tr001ce,0.36490639843531714,0.6350936015646829,2273,0.7335997798044924,0.17027812048061594,2,22.7010969560267,3.4369350873699265
tr001cf,1.0,0.0,0,0.6958851140423099,0.883135295253946,1,52.2488921512863,5.692583767995514
tr001d0,0.46306467884766284,0.5369353211523371,4790,0.9669045434494231,0.4118652809769164,2,555.0682779925155,3.828646883531832
tr001d1,0.31607879065506184,0.6839212093449382,2986,0.923624419349778,0.3432127344496178,2,141.51784437238587,3.2423821560427113
tr001d2,0.9618211999051458,0.03817880009485419,322,0.9672879283114602,0.9884354411653222,2,816.5441541070833,5.585284175176103
tr001d3,1.0,0.0,0,0.9787549287047341,0.9713517512645885,1,532.495790789612,5.652251846356911
tr001d4,1.0,0.0,0,0.9567624474494795,0.8286259396413016,1,560.8703711353259,5.7352897711001845
tr001d5,0.8942292974131333,0.10577070258686672,691,0.9810534274464726,0.6668180099302466,2,454.233578779545,5.285835973085826
tr001d6,0.36664423508299687,0.6333557649170032,5425,0.908203956092386,0.294316276208432,3,321.7731036532886,3.478390701437661
tr001d7,0.33188369781312127,0.6681163021868788,5377,0.00315312823099032,0.37665907762267625,2,204.61750029802454,3.2760138978384536
tr001d8,0.28744999259149506,0.7125500074085049,4809,0.6238542321321102,0.697924305159287,2,35.53010606719366,3.084246036332751
tr001d9,0.9028929426939377,0.09710705730606228,527,0.9832874428187118,0.561498441522539,2,529.1219675541095,5.406464356960135
tr001da,0.869493670886076,0.130506329113924,571,0.4879582098378116,0.40680060984235855,3,25.34170869905734,5.373095879992412
tr001db,0.931672760511883,0.06832723948811703,598,0.8083686062784707,0.7254939749954313,2,44.306736729723696,5.582699886320484
tr001dc,0.4983524599477332,0.5016475400522669,4415,0.9882119316605557,0.7797413853776792,2,338.7357283077363,4.0627413173827325
tr001dd,1.0,0.0,0,0.3208479595376957,0.18374257315123782,1,23.893197272167317,5.7104713998506105
tr001de,0.9204032899973468,0.07959671000265323,600,0.8703000693603352,0.7804630755322552,2,102.65275040431756,5.441514127227545
tr001df,1.0,0.0,0,0.9773114263872136,0.9802476332657682,1,470.30410525512804,5.810209629559703
tr001e0,0.7932950878451057,0.20670491215489428,579,0.09055711594094706,0.5526098215988654,3,23.379354628935953,5.088686231038446
tr001e1,0.2859835100117786,0.7140164899882214,2447,0.7184676939411262,-0.05010705224082274,3,32.36147814428265,3.0286799953526273
tr001e2,1.0,0.0,0,0.9430323645625176,0.9486011218863868,1,393.77015467245974,5.698622857297539
tr001e3,0.8628608923884514,0.13713910761154857,485,0.33932326664545986,0.5326057690473449,3,21.547587250496544,5.331002122152877
tr001e4,1.0,0.0,0,0.649238296348928,0.7341264371179712,1,34.55634558438917,5.76071485998572
tr001e5,0.4844309727197575,0.5155690272802425,3742,0.9878287691616628,0.9686483804192675,2,521.4842039043347,3.910088345807845
tr001e6,0.876439202471216,0.12356079752878402,440,0.47930109678080995,0.19077997922390932,2,29.459827829388583,5.274468370429258
tr001e7,0.9666212534059946,0.033378746594005415,245,0.8832470524467886,0.9772471689804185,2,409.8224395622092,5.50530870788509
tr001e8,0.861231884057971,0.13876811594202898,683,0.789153981480075,0.0372707438397159,2,52.09923815102529,5.352769605614087
tr001e9,0.25467455621301777,0.7453254437869823,6298,-0.06105990949384059,0.34467474230176737,2,361.37084976846165,2.749350457751407
tr001ea,0.938301402926535,0.061698597073465034,278,0.985978587899842,0.9438847278830422,3,505.5810583752493,5.481235341561564
tr001eb,0.9244502246393946,0.07554977536060536,639,0.9700227304223555,0.9424038768762609,2,228.91853784752914,5.451720563438808
tr001ec,0.9120689655172414,0.08793103448275863,439,0.666735365859451,0.5022187913206829,3,51.004955267814466,5.467471562024499
tr001ed,1.0,0.0,0,0.3678463655798794,0.3001272756652134,1,19.106433172815105,5.739847327127326
tr001ee,0.8920599489795918,0.10794005102040816,677,0.26197647310135985,0.18048516127766265,2,19.504371067415892,5.462832521999838
tr001ef,1.0,0.0,0,0.9717421608927477,0.9064195644272781,1,288.47491368360664,5.658153762747001
tr001f0,1.0,0.0,0,0.9674262878291668,0.9700962465812898,1,445.69966958077595,5.685955414191875
tr001f1,0.4578979717271051,0.5421020282728949,2646,-0.17875880712204625,0.9079082342537791,2,109.22930402915146,3.8494080333999956
tr001f2,0.4817366228772829,0.5182633771227171,3235,0.969990401929498,0.1852603311608848,2,731.7345141220082,3.8972311415711878
tr001f3,1.0,0.0,0,0.188363407530785,0.09348811288988362,1,17.63128939140629,5.669647878812534
tr001f4,0.708064130174683,0.29193586982531705,667,0.4585214334830418,0.4403902416126684,3,35.67757118423636,4.871451197944318
tr001f5,0.9425287356321839,0.05747126436781613,460,0.9784323776521984,0.3787412554301172,2,437.3988711787112,5.542967689217151
tr001f6,0.9363457760314342,0.06365422396856579,486,0.38504373628714944,0.18305333124264128,2,18.18902829448414,5.499034728799268
tr001f7,1.0,0.0,0,0.9814322664197812,0.9288565817547966,1,329.84944221248816,5.740079044136345
tr001f8,0.8294209702660407,0.17057902973395933,460,0.9156966104876749,0.5180005415227158,3,90.65582584843041,5.146514709695095
tr001f9,1.0,0.0,0,0.9823211048034529,0.8207877728255192,1,478.0848270025704,5.706187132363339
tr001fa,0.3540386803185438,0.6459613196814562,5678,-0.017882628458875522,0.673716445817105,2,60.949313441512,3.350329029520066
tr001fb,0.8606890326463066,0.13931096735369342,583,0.7080127283222225,0.9076094934963853,3,499.27877781503327,5.302878114108568
tr001fc,1.0,0.0,0,0.8448746639450577,0.8645640676059246,1,194.41589306937934,5.54919391620847
tr001fd,0.970694087403599,0.02930591259640103,228,0.7953036654661998,0.4587146729497983,2,38.45585407240879,5.64490866438405
tr001fe,1.0,0.0,0,0.7761185991720323,0.19195038015141405,1,49.30362679566646,5.730935143820567
tr001ff,1.0,0.0,0,0.5484523535009812,0.17896368788553882,1,23.46974933619465,5.649995732403503
tr00200,0.9078195488721804,0.09218045112781958,441,0.9699857228456941,0.40954943738597255,3,407.41778339437093,5.377278157735718
tr00201,0.3592964824120603,0.6407035175879396,4845,0.9767802123149852,-0.04884009678980339,2,430.8766944739808,3.3517657249132533
tr00202,0.2635856573705179,0.736414342629482,4621,0.00857790182262504,0.3307868483882098,2,45.82297112664408,2.860636719988388
tr00203,1.0,0.0,0,0.8315974362548301,0.7615236998455609,1,58.042697113682586,5.611579083259941
tr00204,0.9581436519979767,0.041856348002023314,217,0.9019025246074691,0.5806452358490595,3,72.27881898468426,5.57722218567119
tr00205,1.0,0.0,0,0.20271196579275225,0.8690129308744589,1,42.35950299313251,5.689650656647733
tr00206,0.9631498135556043,0.03685018644439575,168,0.36724305133068463,0.4272029978415791,2,43.79594001756162,5.51497266300473
tr00207,0.8623222748815166,0.13767772511848342,581,0.47575413277152967,0.31192395305374887,2,26.513946456953455,5.166429950225979
tr00208,0.4905579399141631,0.5094420600858369,3561,0.9700435718242598,0.8054275119911121,2,324.1609968144959,4.103539777993353
tr00209,0.9747273893521489,0.025272610647851135,197,0.3320077968743702,0.3295945058474644,2,18.49482923029152,5.639491610319073
tr0020a,0.8914211599036502,0.10857884009634977,586,0.5436639146823037,0.8558868947853545,1,34.5879670861355,5.330253155416369
tr0020b,0.29122448979591836,0.7087755102040816,2993,0.4812955778980626,0.29272096954176396,2,91.91251472638773,3.0000467268761644
tr0020c,1.0,0.0,0,0.39196009421490985,0.5783268737191519,1,27.16268892659991,5.810304408408506
tr0020d,1.0,0.0,0,0.9937788956799337,0.8308770880578387,1,1235.4515610738601,5.668717323379211
tr0020e,1.0,0.0,0,0.6371455078677941,0.4729442408199591,1,47.8108464204149,5.755502044212844
tr0020f,0.792882267742603,0.20711773225739705,579,0.659770604629609,0.8177993834558319,2,36.16497521189698,4.998464706232392
tr00210,1.0,0.0,0,0.6251684092882827,0.9590679875902822,1,133.05968720414813,5.592406424862689
tr00211,0.43015741507870753,0.5698425849212925,3439,0.6253021914677639,-0.06250928252712025,2,104.21141437931348,3.56967663727103
tr00212,0.7367731796752226,0.2632268203247774,699,0.7726157211404419,0.693079577788526,3,93.92170620552642,4.815650569255668
tr00213,1.0,0.0,0,0.7628203635646454,0.6616388369534796,1,160.02345253100347,5.752699736355244
tr00214,0.9284578696343402,0.07154213036565982,313,0.8920177492060034,0.3014812813467189,3,66.60612113559303,5.356010059215444
tr00215,0.9030599755201958,0.09694002447980421,396,0.12673659158933231,0.08011449435045744,2,16.98867904947562,5.460400468601347
tr00216,0.972212613859103,0.02778738614089704,241,0.6828207869774776,0.9758288232179047,2,235.52931791016425,5.523928544775024
tr00217,0.8969804618117229,0.10301953818827714,347,0.9828616494846029,0.8908321534080988,3,380.18069997793316,5.429181291363818
tr00218,0.9703716103113492,0.02962838968865078,177,0.8300570549569561,0.8922125035385412,2,168.07679989413785,5.539603149921792
tr00219,0.9185820023373588,0.08141799766264124,627,0.984412225705543,0.9635336101382332,2,468.8284811558805,5.380509053300528
tr0021a,0.9334341906202723,0.06656580937972767,352,0.3099119672574017,0.2479908201600803,2,23.17721276416901,5.609428910487825
tr0021b,0.34029986369831894,0.659700136301681,5709,0.3267754895471806,0.38521178087491437,3,78.76238700636439,3.3089095812887885
tr0021c,0.949888365169933,0.050111634830066976,202,0.9298199175950875,0.9528113416958327,2,146.33459964079344,5.587717914087026
tr0021d,1.0,0.0,0,0.4506075138198319,0.6455004212413251,1,22.71928419248552,5.601308269097565
tr0021e,1.0,0.0,0,0.31713802979752936,0.4089446649711056,1,18.8193243766904,5.659140104294028
tr0021f,1.0,0.0,0,0.8849199530108619,0.8149648486670443,1,101.63229656980583,5.681799239477568
tr00220,1.0,0.0,0,0.6421561577353788,0.7720722707898705,1,148.50329170916714,5.707747281638485
tr00221,1.0,0.0,0,0.34813094925495774,0.4825266221040909,1,29.179384389292164,5.612605996379605
tr00222,0.8787234042553191,0.12127659574468086,684,0.9873434243297734,0.9856007714957421,2,668.3303432147769,5.34969922814423
tr00223,0.4972458688032048,0.5027541311967951,2008,0.5267086670947789,0.4851963005222215,2,196.30659664985404,4.028364437078594
tr00224,0.8569345726262074,0.14306542737379258,505,0.9555655790760484,0.3748547689700576,2,210.50773425982095,5.07477104522551
tr00225,1.0,0.0,0,0.9640870964289577,0.45553632797594046,1,257.7234653160527,5.680599515760887
tr00226,0.9769420192522946,0.023057980747705376,103,0.34832373365508845,0.4547199335964684,2,22.69853539132075,5.584411568278382
tr00227,0.9276459700487969,0.0723540299512031,430,0.5365503776988044,0.7892817236943563,2,55.3699216696213,5.431004333236603
tr00228,0.9790706366014701,0.02092936339852991,168,0.7980878431130328,0.8148766121931876,2,127.55639486531447,5.648889129409551
tr00229,1.0,0.0,0,0.1904367420444837,0.12399129784322029,1,18.08458004385182,5.741260421409142
tr0022a,1.0,0.0,0,0.8903581478787139,0.9587105803628854,1,642.0404529799515,5.612603232703139
tr0022b,0.9372412290259315,0.06275877097406846,288,0.9801017735160846,0.16540230892040386,2,362.4922611503186,5.636819963721102
tr0022c,1.0,0.0,0,0.9844657576827396,0.9831683904153826,1,601.7712568389296,5.656466422235233
tr0022d,0.8821822402785838,0.11781775972141617,511,0.7950266449159319,0.8615349228252085,3,166.39291756406422,5.35185733172184
tr0022e,0.962067384826954,0.037932615173046025,331,0.5437777646130618,0.9511247887030562,2,172.66176897757302,5.518318701529104
tr0022f,0.9523809523809523,0.04761904761904767,194,0.9565681892524593,-0.004267590130261965,3,143.857082831608,5.534752091967826
tr00230,0.9166963332146671,0.08330366678533285,383,0.3857222956794069,0.2350886702515511,3,27.648559757374777,5.458786506200333
tr00231,1.0,0.0,0,0.2907660735374143,0.7440824820691072,1,33.75220746978784,5.737314006373266
tr00232,0.2301980198019802,0.7698019801980198,4976,0.049748603207529225,0.5690979519407314,2,27.10666587547087,2.7377409398375625
tr00233,0.9741831383622428,0.025816861637757205,192,0.9040404942266623,0.38019186564745233,2,116.77885931742595,5.674802804862865
tr00234,1.0,0.0,0,0.45127463083345143,0.21742463227250278,1,20.892961448200587,5.708638195400464
tr00235,1.0,0.0,0,0.9670396000779686,0.7177430394649008,1,196.05672690050514,5.577957881423673
tr00236,0.7600999583506872,0.23990004164931278,692,0.9592213655558888,0.683850393151259,3,141.09161695015814,5.00570848888323
tr00237,1.0,0.0,0,0.9743383136175733,0.8610975987877528,1,345.692708121008,5.699553571520175
tr00238,0.37160710798672136,0.6283928920132786,3218,0.09102756858801567,0.12145376630808784,2,33.891512748068536,3.412569149764162
tr00239,1.0,0.0,0,0.18614699827718847,0.13232982953417544,1,16.332523736956297,5.578266112314209
tr0023a,0.3674911660777385,0.6325088339222615,4654,0.14286698837803624,0.004250457942322356,2,16.474985867662717,3.439614338797213
tr0023b,0.9153189169543885,0.0846810830456115,466,0.07118128235593017,0.5424123497153839,2,25.569255254216785,5.368417038649199
tr0023c,0.23595505617977527,0.7640449438202247,3332,0.19952659734892642,0.11013396234896229,2,159.35761448144558,2.727506563319184
tr0023d,1.0,0.0,0,0.8783672684496889,0.9423889137716104,1,556.1732223927057,5.760582520027318
tr0023e,0.8247458815282159,0.17525411847178407,585,0.9278021989642974,0.8491746946415308,3,126.54034277641351,5.254653238623649
tr0023f,0.9428947946408961,0.057105205359103905,260,0.8653551608460404,0.9002590299548044,2,283.1479968214294,5.548073482097037
tr00240,0.9746806827173053,0.025319317282694653,224,0.9534572573617152,0.7112297163414526,2,408.33770536975805,5.51345724080637
tr00241,0.45228726020659127,0.5477127397934087,4454,0.10919525109912508,0.9806349909710569,2,337.4411110074614,3.7420767098857097
tr00242,0.2362258953168044,0.7637741046831956,4436,0.0677647571194003,0.5224727689830824,2,258.8305866183236,2.7410311473785347
tr00243,0.9670568360082056,0.03294316399179442,147,0.8141320460260092,0.6481336413538162,3,42.46104104827428,5.649233371802598
tr00244,0.9710118505013674,0.0289881494986326,159,0.6630298188003255,0.3616210960019334,2,25.047548535791908,5.506995078130565
tr00245,1.0,0.0,0,0.4281239268324003,0.5131240550261781,1,45.163006531337906,5.718994083917466
tr00246,0.7320574162679426,0.26794258373205737,511,0.5048939585626091,0.39622400259262497,3,34.73371563479879,4.902512972912226
tr00247,1.0,0.0,0,0.45279667276462787,0.2870387659667606,1,21.708506809182573,5.605882107342444
tr00248,0.9325532474362346,0.06744675256376542,513,0.9772239370068262,0.6343009142549438,2,262.51807943730006,5.486579586081859
tr00249,0.9568847989093388,0.04311520109066125,253,0.9784958733065886,0.22707839994135223,2,342.96298345670715,5.632194414467858
tr0024a,1.0,0.0,0,0.1723261973414368,0.1902531066846211,1,16.65167144806714,5.533411921807272
tr0024b,0.36225975538730343,0.6377402446126965,3285,0.2775446325247355,0.1920407222578885,2,32.6975637873474,3.5928333290830974
tr0024c,0.8614770941617309,0.1385229058382691,635,0.9610254020328773,0.9542787319545788,3,252.37749060712022,5.25795280914786
tr0024d,0.9315525876460768,0.06844741235392315,389,0.9439168463911904,0.9723285123133878,3,649.6962407276166,5.510573739658402
tr0024e,0.9528117359413203,0.04718826405867971,193,0.8363961333401432,0.8872943060696853,2,573.4912652082027,5.613883226073852
tr0024f,0.954317355943935,0.045682644056065036,264,0.720924354116812,0.3713563643676433,2,33.1891414824462,5.470179389034916
tr00250,0.46221198156682025,0.5377880184331798,2334,0.2642384018850556,0.09369907618331563,2,36.83594325477832,3.936188672602777
tr00251,0.9721448467966574,0.027855153203342642,230,0.7029865393073955,0.9570475363222132,2,515.204742141415,5.496755515323617
tr00252,0.2830003275466754,0.7169996724533245,4378,0.345592279356582,-0.032781982315109974,2,19.97345120174713,3.056896189026127
tr00253,0.38028487451955684,0.6197151254804432,5482,0.21296261978651534,-0.04259362579006607,2,48.638576981081314,3.4288409135177313
tr00254,0.9421311693494745,0.057868830650525505,435,0.9635465708079803,0.9607704097685075,2,243.88108008632642,5.596185260210656
tr00255,1.0,0.0,0,0.5935778835891619,0.3813927648529697,1,42.85906594917749,5.5298369498339515
tr00256,1.0,0.0,0,0.9813161646847575,0.9019127192062598,1,401.224484500177,5.768430216107759
tr00257,0.9500835034329189,0.04991649656708108,269,0.936913999988548,0.662842469596627,2,275.1890922732775,5.555765539035299
tr00258,1.0,0.0,0,0.8197886177906815,0.20004876278319877,1,71.81994975108744,5.634253799512795
tr00259,0.873821609862219,0.12617839013778098,551,0.6241253370701664,0.2762913418085564,2,42.064889709157335,5.349009271433208
tr0025a,0.9124015748031497,0.08759842519685035,405,0.7121310752064658,0.4538777381393018,3,31.98276445938813,5.449424844102906
tr0025b,0.9333509653530812,0.06664903464691885,504,0.9666376528616053,0.3164064476621841,2,511.02719738539747,5.478920951596783
tr0025c,0.3012416039079992,0.6987583960920007,3433,-0.07373453650738546,0.23284798148402344,2,15.782237235693302,2.9710691824374584
tr0025d,1.0,0.0,0,0.764011094909549,0.9427228351075814,1,424.21918682099306,5.67735557548819
tr0025e,1.0,0.0,0,0.7549342569792383,0.4379027254488472,1,36.778126762265714,5.677801270523701
tr0025f,0.9508196721311475,0.049180327868852514,426,0.9745784585980016,0.9764659472523448,2,438.76409014663807,5.536565213103645
tr00260,1.0,0.0,0,0.9819691174087137,0.08798657908808961,1,507.4512221137605,5.6589567193565635
tr00261,0.9646546158812137,0.035345384118786294,219,0.9418446554889442,0.9654160242690374,2,578.8289568834099,5.649052767937763
tr00262,0.9741789922286287,0.025821007771371307,206,0.9798706959967005,0.991175112511713,2,616.8019238127971,5.539546649059274
tr00263,0.8761238761238761,0.1238761238761239,671,0.9727482191844229,0.8891961408171678,3,257.46587964262204,5.261674180277819
tr00264,0.9090047393364928,0.09099526066350716,480,0.15658620624879155,0.26827099054385334,2,17.603516201838847,5.381809850508634
tr00265,0.37442815249266864,0.6255718475073313,5333,0.76814188642669,0.4381422299165631,2,514.1852289689116,3.4335811244767154
tr00266,1.0,0.0,0,0.5972319156577083,0.7710051772198981,1,333.0021076428825,5.676921677568628
tr00267,0.9326950154885948,0.06730498451140521,478,-0.04096207406659629,0.47255012182092787,2,19.852215384047376,5.373136707100547
tr00268,0.9240609689711486,0.07593903102885136,279,0.7207407913208401,0.49010581318758206,2,41.17825794494392,5.484065540559076
tr00269,0.2788876889848812,0.7211123110151187,5342,0.6368472004452992,-0.10964297616833736,2,53.60404779751104,2.9681717846554463
tr0026a,1.0,0.0,0,0.9846304595005554,0.6643412399130302,1,488.4107594150624,5.807611370678055
tr0026b,0.901646639964397,0.09835336003560302,465,0.9513958911892157,0.4460379510117707,3,142.63020824824864,5.494482262454538
tr0026c,0.9454130094986173,0.054586990501382715,454,0.9667916701128151,0.3746002152423024,2,377.212883455575,5.478165111410388
tr0026d,0.9446718419195483,0.05532815808045166,297,0.9132989515393316,0.7475262488571388,3,253.0985673087707,5.584318227967013
tr0026e,0.9455142558590834,0.05448574414091656,365,0.8291358867855755,0.9039685745139395,2,482.80340182854553,5.444689860704388
tr0026f,0.9177583697234353,0.08224163027656473,339,0.9485470326887714,0.46706946754209894,2,251.3466366482135,5.486255855266722
tr00270,1.0,0.0,0,0.5132679542305402,0.7683723338763258,1,58.07039833568511,5.6838197721301755
tr00271,0.9486877721548782,0.051312227845121794,436,0.804568900850154,0.9307610814220344,2,117.32948711915323,5.455999843023924
tr00272,0.8858234295415959,0.11417657045840413,654,0.7907402459460365,0.9953869796653135,3,1190.3184636574981,5.28371499237775
tr00273,0.8796796099599512,0.1203203900400488,349,0.9478542998286684,0.7597662692726471,3,1060.3558266973469,5.242729352260029
tr00274,0.9313355356300141,0.06866446436998586,291,0.898161543983851,0.9692461479179032,2,233.74889388967225,5.335092021539635
tr00275,0.9254199741554366,0.07458002584456336,404,0.6839945785780884,0.7037538943210405,2,32.359077527044214,5.451806928206115
tr00276,0.9741422805247225,0.025857719475277485,205,0.9321729704193353,0.5861983919855583,2,130.03440913072924,5.551071022695052
tr00277,0.458041958041958,0.541958041958042,2325,0.2608307714812237,0.5804659217072204,2,175.329317832351,3.8246538334324485
tr00278,0.8962217860647694,0.10377821393523057,570,0.8048575779256534,0.9767915625460513,3,384.4188926831797,5.457254646853583
tr00279,0.9232517041151225,0.07674829588487753,304,0.8642653213664905,0.44244804642118235,2,99.79832557352012,5.4523709692212465
tr0027a,0.8278423772609819,0.17215762273901813,660,0.7394167768463025,-0.0022486506593570993,3,36.14351091558495,5.086800633977941
tr0027b,0.9457005823912299,0.054299417608770106,317,0.9754771413779396,0.8019833175705745,2,369.99875192647016,5.620986103042459
tr0027c,1.0,0.0,0,0.7366440203774451,0.6606232918267451,1,102.54987150295388,5.731411908834411
tr0027d,1.0,0.0,0,0.9700816480368761,0.8183108726396845,1,190.89129777931544,5.804526041289485
tr0027e,1.0,0.0,0,0.06516992638391648,0.2368517447299755,1,17.58391801374779,5.6140304467243105
tr0027f,1.0,0.0,0,0.8897110641228528,0.5309732737685547,1,76.48299319518564,5.694277270334509
tr00280,0.8725730442978322,0.12742695570216778,362,0.36101960316308196,0.7088542370994112,3,32.43696413120565,5.340033421674773
tr00281,1.0,0.0,0,0.9847790366814467,0.890491844575746,1,525.822255107604,5.569034357613902
tr00282,1.0,0.0,0,0.08384816137453166,0.8998756594931894,1,72.32490914611338,5.620380061286075
tr00283,0.8778692074491121,0.12213079255088788,502,0.8506873387423429,0.8761592915225505,3,72.38054035459929,5.230775282123417
tr00284,1.0,0.0,0,0.28715398767390365,0.26399198916231953,1,19.42759675407981,5.646894687876833
tr00285,0.9025909317389138,0.0974090682610862,684,0.9893365383635455,0.3201640033676563,3,674.2479879768738,5.395337233632423
tr00286,1.0,0.0,0,0.7633389854797986,0.866755245600084,1,56.23192892459378,5.738792503203699
tr00287,0.9556456420651007,0.04435435793489928,372,0.6164695913027716,0.8915028783682939,2,109.27743107294327,5.564764009367119
tr00288,1.0,0.0,0,0.9101703211126814,0.3105618199235284,1,74.27226693224776,5.737758344911424
tr00289,0.2915247445401723,0.7084752554598277,3536,0.8316845139188114,0.9634079228396968,2,164.9783630466983,3.0069769235419113
tr0028a,0.25405720957384703,0.745942790426153,6389,0.7164962911478449,-0.31976623564846607,2,35.32732364798312,2.863688088660228
tr0028b,0.9119612210140181,0.08803877898598189,672,0.6541943535551462,0.6153072425678459,2,32.62793187047991,5.400037948399357
tr0028c,1.0,0.0,0,0.4591037184099039,0.846691199866374,1,89.32110436583898,5.784206449984842
tr0028d,0.3347235302031481,0.6652764697968518,4801,0.8319255250040187,0.33783767243853086,3,681.1120390433183,3.3008551101598216
tr0028e,1.0,0.0,0,0.9706580701067206,0.9824668606167265,1,406.0834694071152,5.692779538606341
tr0028f,0.7998753117206983,0.20012468827930174,598,0.9308453662632211,0.7386991104393659,3,112.99636175702047,5.011144188411696
tr00290,1.0,0.0,0,0.7274938747626942,0.4137406409196982,1,39.10338030958648,5.680716777681824
tr00291,0.8064593878042902,0.19354061219570984,425,0.5981751369636421,0.6692227710755201,3,42.62084290878261,5.156128356181845
tr00292,0.3385006013630897,0.6614993986369103,4950,0.202269283783571,0.594103337952511,2,102.13305292184477,3.320726283523851
tr00293,0.9546320346320346,0.04536796536796539,262,0.34740363306991945,0.8095534960851228,2,57.74584429992995,5.60292247051104
tr00294,1.0,0.0,0,0.44415393780833295,0.4425649836062711,1,35.37464814158867,5.644471695818137
tr00295,1.0,0.0,0,0.5231082791537472,0.7301655536548076,1,71.61976062271236,5.705679990677211
tr00296,0.9298110296953336,0.07018897030466642,369,0.8473307582773856,0.9123532264075196,3,136.7036329509392,5.495649379676526
tr00297,1.0,0.0,0,0.6247316792296397,0.14313119144189404,1,24.9047495636348,5.563030288972332
tr00298,1.0,0.0,0,0.9415974596071913,0.07832509978848282,1,137.30373972112153,5.683980986726046
tr00299,0.29528985507246375,0.7047101449275363,4668,0.32324568649051727,0.34969476127380134,2,18.189292580805457,3.0686975664738805
tr0029a,1.0,0.0,0,0.4047265899237095,0.07088776694470117,1,20.072101959559067,5.529386551258164
tr0029b,1.0,0.0,0,0.5078305775439237,0.8355737539927339,1,46.20058430457634,5.6159143926429795
tr0029c,0.8386035459696582,0.16139645403034175,472,0.14272749849377167,-0.07320767896291447,3,17.59401448685589,5.08867848776021
tr0029d,1.0,0.0,0,0.7612234671278042,0.9435108470404109,1,82.53353313520643,5.704995546681295
tr0029e,1.0,0.0,0,0.4738366537071229,0.8940472404118718,1,47.51356462240504,5.692837115676177
tr0029f,0.3547019867549669,0.6452980132450331,2168,0.4819115425832866,0.08991000470733386,3,427.22417531354597,3.3353865745785973
tr002a0,1.0,0.0,0,0.8085196163342817,0.5606477211454804,1,40.28044456331532,5.717144794225532
tr002a1,0.9011565150346954,0.0988434849653046,641,0.9807911942845804,0.9586832653654489,2,860.2170235818669,5.413358622646628
tr002a2,0.9862306368330465,0.013769363166953541,104,0.9579768439763037,0.46943473681655296,2,218.9141001427078,5.575406364629742
tr002a3,1.0,0.0,0,0.9758534487735598,0.9260747890300441,1,397.19566293391887,5.668836607576773
tr002a4,1.0,0.0,0,0.9266025391996029,0.3999354781521495,1,85.98184852234417,5.731733416878405
tr002a5,0.9761847486167909,0.023815251383209057,198,0.8149385373288307,0.8653473718043035,2,53.344791008280836,5.545001355263295
tr002a6,0.9064396163632805,0.09356038363671948,478,0.6664825244442927,0.2347026119186743,1,38.89949568924307,5.371403953259202
tr002a7,1.0,0.0,0,0.6832824903630322,0.9213112491757371,1,80.18459979977591,5.659122342800074
tr002a8,0.8832879200726612,0.11671207992733879,463,0.923469195609028,0.9364889218534364,2,147.13621311140764,5.220253694945465
tr002a9,0.3117246004247234,0.6882753995752766,6158,-0.02920341357195286,0.2966871646629447,2,18.36972721367071,3.1889387516755714
tr002aa,1.0,0.0,0,0.7110485182982319,0.8663206378737695,1,67.09480872478302,5.712346726671297
tr002ab,1.0,0.0,0,0.9200058011131065,0.4094560709143598,1,91.74413173592028,5.643218179022938
tr002ac,0.9432124838671829,0.05678751613281707,484,0.9258541229825192,0.982256213418794,2,422.2345578246612,5.438996163723859
tr002ad,0.4370998719590269,0.5629001280409731,3307,0.32363990623206834,0.14359334067999174,3,47.10771295692709,3.785697667355464
tr002ae,0.8734562376946483,0.1265437623053517,547,0.922843189070772,0.609300428696406,3,150.72889990198266,5.315985549669187
tr002af,0.2490622655663916,0.7509377344336083,6006,0.9342025518387136,0.15967196386591825,2,405.12930570575287,2.762339050854514
tr002b0,0.23685682326621924,0.7631431767337807,5458,0.028191125354609884,0.24917150317553013,2,15.951054507615314,2.636814805517512
tr002b1,0.8388699973842532,0.16113000261574684,616,0.8995226049479577,0.8166711811462389,2,88.66279367477988,5.264338711087041
tr002b2,0.9394186046511628,0.06058139534883722,521,0.9122878786387263,0.9265510657282418,1,213.6878821872476,5.437626876160738
tr002b3,0.9384203480589023,0.06157965194109771,322,0.9466517319856204,0.8695937961614072,2,278.3664957345881,5.4580911584032705
tr002b4,0.8619038116144482,0.13809618838555182,450,0.20622617144955893,0.7649331981054354,3,58.15003154095487,5.2409225039062335
tr002b5,0.8974548137218739,0.10254518627812614,436,0.447665143596014,0.15039476359494935,3,23.898412325348215,5.416722615628364
tr002b6,0.23659305993690852,0.7634069400630915,5324,0.18940428900279965,0.18077873316242185,2,109.36557031929584,2.7887599968226904
tr002b7,0.9830455259026688,0.016954474097331196,108,0.955924503713037,0.7932743815274882,2,467.7041828610939,5.615051306204845
tr002b8,0.9709682565002393,0.029031743499760676,182,0.476155014972681,0.628136359292264,2,22.734449569779738,5.550057475598162
tr002b9,0.940827369523477,0.05917263047652299,339,0.9820849276124636,0.9458606975520346,2,465.41768025002875,5.417878169184381
tr002ba,1.0,0.0,0,0.942542475722596,0.8225588226843072,1,556.6242034082956,5.772162934382037
tr002bb,1.0,0.0,0,0.8826801194178043,0.9850531641093055,1,958.8583408962023,5.766381185768168
tr002bc,0.2135184067592034,0.7864815932407966,6516,0.1606048200019102,0.2273210261795612,2,17.504485198784334,2.635226547720418
tr002bd,0.9221934049648017,0.07780659503519827,420,0.9565062468307263,0.24935720650295415,2,174.9861684981176,5.4002979646363904
tr002be,1.0,0.0,0,0.9938708159382099,0.3298558029496391,1,1192.7811649946898,5.678410379519465
tr002bf,0.9325590108654926,0.06744098913450736,321,0.5710925760150464,0.783808341530055,3,152.32329012845256,5.427689786475408
tr002c0,0.2206998313659359,0.7793001686340641,3697,0.5632849976800318,0.3030561643286613,2,245.19986747969588,2.648752620521947
tr002c1,0.7758580434275041,0.22414195657249592,689,0.3115978901415894,0.6592809534281099,3,27.095695885886652,4.940962537062528
tr002c2,1.0,0.0,0,0.7852133418824034,0.9736274987400491,1,194.23066684732555,5.605496425728957
tr002c3,0.882387134276303,0.117612865723697,607,0.19986854280740862,0.8729933306512007,2,46.44827953274507,5.2913665852525265
tr002c4,0.7641182466870541,0.23588175331294592,645,0.15395170553100718,0.4125516269276759,3,18.794842584721547,4.8295382922348935
tr002c5,0.27401019208153665,0.7259898079184633,3145,0.2482371778536231,0.9651372470656778,2,461.0966201638019,3.1327083935011766
tr002c6,0.8752041054350361,0.12479589456496387,535,0.17265429782364747,0.8826131294404561,2,176.4394207130597,5.33282888414153
tr002c7,0.4607235142118863,0.5392764857881137,2087,0.1925819708874276,0.6975613397146665,2,364.4371229054218,3.7953693055085487
tr002c8,0.9496959646213378,0.05030403537866224,182,0.11077693099112074,0.2187687196040728,2,16.70031797764319,5.442733760239557
tr002c9,0.8503509169119312,0.1496490830880688,661,0.2724589976927881,0.27451515313021363,2,17.92655808793292,5.197891637304235
tr002ca,1.0,0.0,0,0.7842509955447081,0.7231868176677652,1,112.27318564267424,5.690768940725657
tr002cb,0.8655715263518138,0.13442847364818622,604,0.4649657592428258,0.4605384962508323,3,36.915759671146034,5.250724664633568
tr002cc,0.9176331360946746,0.08236686390532544,696,0.013567583902970358,0.4050229090597353,2,19.453683653734803,5.465198043529282
tr002cd,0.44017923823749067,0.5598207617625093,3533,0.44629193694664165,0.10140395356894746,3,152.20779832023925,3.840982287014497
tr002ce,1.0,0.0,0,0.9759407226786586,0.2512381060384004,1,254.94127263101564,5.719764235571968
tr002cf,1.0,0.0,0,0.5406063683621534,0.9851983370667883,1,278.03819675519566,5.775827364381013
tr002d0,1.0,0.0,0,0.45463971149216303,0.2648384324034109,1,20.70247925579084,5.661040604622473
tr002d1,1.0,0.0,0,0.9799404089580811,0.9832482414963457,1,671.9558866883729,5.837612816686123
tr002d2,1.0,0.0,0,0.9571898941136103,0.35790960982318554,1,185.43787350678537,5.6912281484145515
tr002d3,0.9483744732089103,0.05162552679108967,343,0.7833672772616812,0.5462006039292879,2,106.73940734867779,5.4609046398893435
tr002d4,1.0,0.0,0,0.6253675360156163,0.12783882021077475,1,36.80920918328823,5.782992764565018
tr002d5,1.0,0.0,0,0.9552575687718451,0.852463138245063,1,408.2057443947645,5.614087226631484
tr002d6,0.38734953440835795,0.612650465591642,5395,0.9128080985954982,0.1984369739117987,2,202.231454473146,3.5001471797829917
tr002d7,0.42432016418676244,0.5756798358132376,3366,0.19492643687496244,0.9655447241247874,2,261.0498001419783,3.7729957574600617
tr002d8,0.3172557896569737,0.6827442103430263,3921,0.4702420670010615,0.9818421655854763,2,697.6960945540585,3.2238957564262627
tr002d9,0.982756466325128,0.01724353367487197,138,0.9528677854002742,0.9831679949662246,2,370.894201252599,5.632200552887338
tr002da,0.9076723016905072,0.09232769830949283,426,0.9861105524877013,0.6636028772145461,3,1217.4717354225636,5.308603863475905
tr002db,0.3508989460632362,0.6491010539367639,5235,0.9146896424339496,0.6702489131955915,2,169.70123191205147,3.3926575581156597
tr002dc,0.8956692913385826,0.10433070866141736,326,-0.02752333748825713,0.04927854640579273,3,17.20459785215433,5.416785516782572
tr002dd,0.7766207591535103,0.22337924084648975,675,0.6129751826267171,0.8892895070484013,3,121.17840914185837,5.013366316240975
tr002de,0.9401966454598033,0.059803354540196696,385,0.31229624456523786,0.974557731075666,3,498.4253684688693,5.418387380722526
tr002df,0.18802352521832116,0.8119764747816789,3487,0.7896494598425814,0.013101396235127892,3,42.88955761746629,2.4422886432879247
tr002e0,0.9533333333333334,0.046666666666666634,305,0.9811814921769529,0.33963239171745674,3,425.80958518961177,5.516518224795165
tr002e1,0.9136642869002158,0.08633571309978416,375,0.29719883830073085,0.06025813852016368,3,17.642762172004208,5.302955194285721
tr002e2,0.3986791797010775,0.6013208202989224,3460,0.5299327387303955,0.8162808458057282,2,57.324276069103206,3.531252598717768
tr002e3,1.0,0.0,0,0.9590523969856318,0.9148597742205552,1,194.60412683734992,5.597686945171225
tr002e4,1.0,0.0,0,0.5323288215143338,0.2594116592155126,1,22.006132441193273,5.763623159762989
tr002e5,0.7451787091797377,0.2548212908202623,991,0.5930916630502926,0.17059117229451104,2,22.417294226981657,4.7844932024946765
tr002e6,0.20142966556037784,0.7985703344396222,6256,0.5153958355428321,0.14331881200057484,2,142.95842107214483,2.558297406020924
tr002e7,0.9812011102699975,0.018798889730002544,149,0.6817336877772395,0.7159461601253323,2,155.45872880523575,5.6145263613011815
tr002e8,0.9215640637728384,0.0784359362271616,674,0.9607018226142868,0.8840871019652403,2,896.2457404533142,5.35186972568742
tr002e9,0.4210786739238001,0.5789213260761998,2340,0.248962202709387,-0.09305299179773069,2,32.761953921185594,3.7933165163371623
tr002ea,0.9380216171842933,0.06197838281570667,453,0.8649292451604051,0.8884104426574884,2,270.6462407030521,5.50846874946616
tr002eb,1.0,0.0,0,0.5576894797259452,0.34633095365868216,1,32.294966230307466,5.764436300934595
tr002ec,0.8849982225382155,0.11500177746178453,509,0.02816523067016535,0.05348295324142411,3,16.420198970458397,5.293393394415245
tr002ed,1.0,0.0,0,0.8462986604387915,0.5918901927482015,1,166.14020699230537,5.592971805251908
tr002ee,0.9545373187757293,0.04546268122427066,254,0.9646936222077438,0.8259263036613185,2,208.05005771139804,5.549054590354781
tr002ef,0.9575392038600724,0.04246079613992759,352,0.9628566589214169,0.9753882142804157,2,590.9650584333018,5.575214674573664
tr002f0,0.8772071707777328,0.1227928292222672,623,0.9686596623468917,0.9389053989229733,3,1025.2707866291119,5.216305559664253
tr002f1,0.9263468013468014,0.07365319865319864,350,0.5943263966918524,0.534137565470571,2,26.318517047558277,5.391043918628175
tr002f2,0.9497907949790795,0.05020920502092052,444,0.9846183007408351,0.21131386028463292,2,403.1395984726093,5.48913976070287
tr002f3,0.9522826336315668,0.047717366368433156,416,0.9759861817717249,0.9853735429445096,1,455.9726841771838,5.538810574191911
tr002f4,0.8885605006954103,0.11143949930458974,641,0.937499691242532,0.9916374593231182,2,916.2296148201197,5.295290734521669
tr002f5,0.9414724576271186,0.05852754237288138,442,0.2795081565701532,0.5339588932766306,2,44.52002864149527,5.400902149322427
tr002f6,1.0,0.0,0,0.9080202767813448,0.94583543393728,1,532.1861306097779,5.629893308857749
tr002f7,1.0,0.0,0,0.17484451138843282,0.12388737386776447,1,17.462267569048613,5.56117601510074
tr002f8,0.8016390389271745,0.19836096107282553,617,0.8254577291748879,0.7730653934240986,3,60.1151718891747,4.994665376015156
tr002f9,0.8837630031659882,0.11623699683401179,514,0.900955835710896,0.7641022068499816,2,72.18272606418306,5.309890679850665
tr002fa,1.0,0.0,0,0.7866304572845452,0.9263493545294136,1,89.00840307331622,5.80528841704024
tr002fb,0.9503197245450073,0.04968027545499265,303,0.9731967223776752,0.7049608760002268,2,442.91052247280464,5.5148479084422215
tr002fc,1.0,0.0,0,0.9757622088947482,0.9404487519786533,1,384.6638449442592,5.740430690382439
tr002fd,0.4529095583080159,0.5470904416919842,2341,0.6326840743867767,0.3678266844621486,2,94.91696443393779,3.7509148132286034
tr002fe,0.964759378552482,0.03524062144751805,279,0.9689775854147318,0.6093014700005388,2,440.70441270223154,5.508607565050618
tr002ff,1.0,0.0,0,0.6167274565665697,0.6711069140415398,1,62.03352800605079,5.532045619714654
tr00300,0.980409175449473,0.019590824550526964,158,0.6304310726136957,0.9742094055623963,2,595.111243589451,5.581948576185025
tr00301,0.38205167405595475,0.6179483259440453,4042,0.693379038207103,0.12069147249606406,2,357.99479497794414,3.427561776216392
